file,line,type,commit,author,date,time,timezone,datetime,depth,length
style.css,1,css,a5e86c31,Katelyn Zhao,2025-01-17,16:34:45,-08:00,2025-01-17T16:34:45-08:00,0,5
style.css,2,css,62bd2fd5,Katelyn Zhao,2025-01-31,11:01:51,-08:00,2025-01-31T11:01:51-08:00,0,34
style.css,3,css,62bd2fd5,Katelyn Zhao,2025-01-31,11:01:51,-08:00,2025-01-31T11:01:51-08:00,0,24
style.css,4,css,a5e86c31,Katelyn Zhao,2025-01-17,16:34:45,-08:00,2025-01-17T16:34:45-08:00,0,0
style.css,5,css,a5e86c31,Katelyn Zhao,2025-01-17,16:34:45,-08:00,2025-01-17T16:34:45-08:00,0,0
style.css,6,css,ac4daefe,Katelyn Zhao,2025-01-09,11:53:38,-08:00,2025-01-09T11:53:38-08:00,0,5
style.css,7,css,62bd2fd5,Katelyn Zhao,2025-01-31,11:01:51,-08:00,2025-01-31T11:01:51-08:00,0,24
style.css,8,css,62bd2fd5,Katelyn Zhao,2025-01-31,11:01:51,-08:00,2025-01-31T11:01:51-08:00,0,16
style.css,9,css,62bd2fd5,Katelyn Zhao,2025-01-31,11:01:51,-08:00,2025-01-31T11:01:51-08:00,0,43
style.css,10,css,62bd2fd5,Katelyn Zhao,2025-01-31,11:01:51,-08:00,2025-01-31T11:01:51-08:00,0,14
style.css,11,css,62bd2fd5,Katelyn Zhao,2025-01-31,11:01:51,-08:00,2025-01-31T11:01:51-08:00,0,33
style.css,12,css,62bd2fd5,Katelyn Zhao,2025-01-31,11:01:51,-08:00,2025-01-31T11:01:51-08:00,0,0
style.css,13,css,3c9e3e65,Katelyn Zhao,2025-01-17,11:26:48,-08:00,2025-01-17T11:26:48-08:00,0,0
style.css,14,css,62bd2fd5,Katelyn Zhao,2025-01-31,11:01:51,-08:00,2025-01-31T11:01:51-08:00,0,4
style.css,15,css,62bd2fd5,Katelyn Zhao,2025-01-31,11:01:51,-08:00,2025-01-31T11:01:51-08:00,0,13
style.css,16,css,62bd2fd5,Katelyn Zhao,2025-01-31,11:01:51,-08:00,2025-01-31T11:01:51-08:00,0,24
style.css,17,css,62bd2fd5,Katelyn Zhao,2025-01-31,11:01:51,-08:00,2025-01-31T11:01:51-08:00,0,26
style.css,18,css,62bd2fd5,Katelyn Zhao,2025-01-31,11:01:51,-08:00,2025-01-31T11:01:51-08:00,0,40
style.css,19,css,62bd2fd5,Katelyn Zhao,2025-01-31,11:01:51,-08:00,2025-01-31T11:01:51-08:00,0,40
style.css,20,css,62bd2fd5,Katelyn Zhao,2025-01-31,11:01:51,-08:00,2025-01-31T11:01:51-08:00,0,0
style.css,21,css,ef58a985,Katelyn Zhao,2025-01-17,15:21:57,-08:00,2025-01-17T15:21:57-08:00,0,0
style.css,22,css,a8a5c070,Katelyn Zhao,2025-01-17,15:25:48,-08:00,2025-01-17T15:25:48-08:00,0,6
style.css,23,css,62bd2fd5,Katelyn Zhao,2025-01-31,11:01:51,-08:00,2025-01-31T11:01:51-08:00,0,7
style.css,24,css,62bd2fd5,Katelyn Zhao,2025-01-31,11:01:51,-08:00,2025-01-31T11:01:51-08:00,0,21
style.css,25,css,62bd2fd5,Katelyn Zhao,2025-01-31,11:01:51,-08:00,2025-01-31T11:01:51-08:00,0,14
style.css,26,css,62bd2fd5,Katelyn Zhao,2025-01-31,11:01:51,-08:00,2025-01-31T11:01:51-08:00,0,18
style.css,27,css,62bd2fd5,Katelyn Zhao,2025-01-31,11:01:51,-08:00,2025-01-31T11:01:51-08:00,0,14
style.css,28,css,62bd2fd5,Katelyn Zhao,2025-01-31,11:01:51,-08:00,2025-01-31T11:01:51-08:00,0,0
style.css,29,css,ef58a985,Katelyn Zhao,2025-01-17,15:21:57,-08:00,2025-01-17T15:21:57-08:00,0,0
style.css,30,css,a8a5c070,Katelyn Zhao,2025-01-17,15:25:48,-08:00,2025-01-17T15:25:48-08:00,0,14
style.css,31,css,62bd2fd5,Katelyn Zhao,2025-01-31,11:01:51,-08:00,2025-01-31T11:01:51-08:00,0,26
style.css,32,css,62bd2fd5,Katelyn Zhao,2025-01-31,11:01:51,-08:00,2025-01-31T11:01:51-08:00,0,26
style.css,33,css,62bd2fd5,Katelyn Zhao,2025-01-31,11:01:51,-08:00,2025-01-31T11:01:51-08:00,0,40
style.css,34,css,62bd2fd5,Katelyn Zhao,2025-01-31,11:01:51,-08:00,2025-01-31T11:01:51-08:00,0,0
style.css,35,css,04f96598,Katelyn Zhao,2025-01-17,15:13:03,-08:00,2025-01-17T15:13:03-08:00,0,0
style.css,36,css,a5e86c31,Katelyn Zhao,2025-01-17,16:34:45,-08:00,2025-01-17T16:34:45-08:00,0,12
style.css,37,css,62bd2fd5,Katelyn Zhao,2025-01-31,11:01:51,-08:00,2025-01-31T11:01:51-08:00,0,26
style.css,38,css,62bd2fd5,Katelyn Zhao,2025-01-31,11:01:51,-08:00,2025-01-31T11:01:51-08:00,0,26
style.css,39,css,62bd2fd5,Katelyn Zhao,2025-01-31,11:01:51,-08:00,2025-01-31T11:01:51-08:00,0,40
style.css,40,css,00000000,Not Committed Yet,2025-02-14,18:58:52,-08:00,2025-02-14T18:58:52-08:00,0,70
style.css,41,css,62bd2fd5,Katelyn Zhao,2025-01-31,11:01:51,-08:00,2025-01-31T11:01:51-08:00,0,0
style.css,42,css,c9e9bd93,Katelyn Zhao,2025-01-17,17:22:03,-08:00,2025-01-17T17:22:03-08:00,0,0
style.css,43,css,00000000,Not Committed Yet,2025-02-14,18:58:52,-08:00,2025-02-14T18:58:52-08:00,0,6
style.css,44,css,00000000,Not Committed Yet,2025-02-14,18:58:52,-08:00,2025-02-14T18:58:52-08:00,0,7
style.css,45,css,62bd2fd5,Katelyn Zhao,2025-01-31,11:01:51,-08:00,2025-01-31T11:01:51-08:00,0,17
style.css,46,css,62bd2fd5,Katelyn Zhao,2025-01-31,11:01:51,-08:00,2025-01-31T11:01:51-08:00,0,0
style.css,47,css,83f48cf1,Katelyn Zhao,2025-01-17,18:05:01,-08:00,2025-01-17T18:05:01-08:00,0,0
style.css,48,css,71fc25f4,Katelyn Zhao,2025-01-17,17:28:16,-08:00,2025-01-17T17:28:16-08:00,0,5
style.css,49,css,62bd2fd5,Katelyn Zhao,2025-01-31,11:01:51,-08:00,2025-01-31T11:01:51-08:00,0,13
style.css,50,css,00000000,Not Committed Yet,2025-02-14,18:58:52,-08:00,2025-02-14T18:58:52-08:00,0,13
style.css,51,css,00000000,Not Committed Yet,2025-02-14,18:58:52,-08:00,2025-02-14T18:58:52-08:00,0,31
style.css,52,css,00000000,Not Committed Yet,2025-02-14,18:58:52,-08:00,2025-02-14T18:58:52-08:00,0,8
style.css,53,css,62bd2fd5,Katelyn Zhao,2025-01-31,11:01:51,-08:00,2025-01-31T11:01:51-08:00,0,0
style.css,54,css,71fc25f4,Katelyn Zhao,2025-01-17,17:28:16,-08:00,2025-01-17T17:28:16-08:00,0,0
style.css,55,css,71fc25f4,Katelyn Zhao,2025-01-17,17:28:16,-08:00,2025-01-17T17:28:16-08:00,0,11
style.css,56,css,00000000,Not Committed Yet,2025-02-14,18:58:52,-08:00,2025-02-14T18:58:52-08:00,0,13
style.css,57,css,00000000,Not Committed Yet,2025-02-14,18:58:52,-08:00,2025-02-14T18:58:52-08:00,0,30
style.css,58,css,00000000,Not Committed Yet,2025-02-14,18:58:52,-08:00,2025-02-14T18:58:52-08:00,0,14
style.css,59,css,62bd2fd5,Katelyn Zhao,2025-01-31,11:01:51,-08:00,2025-01-31T11:01:51-08:00,0,0
style.css,60,css,62bd2fd5,Katelyn Zhao,2025-01-31,11:01:51,-08:00,2025-01-31T11:01:51-08:00,0,0
style.css,61,css,00000000,Not Committed Yet,2025-02-14,18:58:52,-08:00,2025-02-14T18:58:52-08:00,0,10
style.css,62,css,00000000,Not Committed Yet,2025-02-14,18:58:52,-08:00,2025-02-14T18:58:52-08:00,0,14
style.css,63,css,00000000,Not Committed Yet,2025-02-14,18:58:52,-08:00,2025-02-14T18:58:52-08:00,0,14
style.css,64,css,62bd2fd5,Katelyn Zhao,2025-01-31,11:01:51,-08:00,2025-01-31T11:01:51-08:00,0,0
style.css,65,css,62bd2fd5,Katelyn Zhao,2025-01-31,11:01:51,-08:00,2025-01-31T11:01:51-08:00,0,0
style.css,66,css,62bd2fd5,Katelyn Zhao,2025-01-31,11:01:51,-08:00,2025-01-31T11:01:51-08:00,0,12
style.css,67,css,00000000,Not Committed Yet,2025-02-14,18:58:52,-08:00,2025-02-14T18:58:52-08:00,0,19
style.css,68,css,62bd2fd5,Katelyn Zhao,2025-01-31,11:01:51,-08:00,2025-01-31T11:01:51-08:00,0,0
style.css,69,css,62bd2fd5,Katelyn Zhao,2025-01-31,11:01:51,-08:00,2025-01-31T11:01:51-08:00,0,0
style.css,70,css,62bd2fd5,Katelyn Zhao,2025-01-31,11:01:51,-08:00,2025-01-31T11:01:51-08:00,0,10
style.css,71,css,62bd2fd5,Katelyn Zhao,2025-01-31,11:01:51,-08:00,2025-01-31T11:01:51-08:00,0,13
style.css,72,css,62bd2fd5,Katelyn Zhao,2025-01-31,11:01:51,-08:00,2025-01-31T11:01:51-08:00,0,59
style.css,73,css,62bd2fd5,Katelyn Zhao,2025-01-31,11:01:51,-08:00,2025-01-31T11:01:51-08:00,0,8
style.css,74,css,62bd2fd5,Katelyn Zhao,2025-01-31,11:01:51,-08:00,2025-01-31T11:01:51-08:00,0,0
style.css,75,css,62bd2fd5,Katelyn Zhao,2025-01-31,11:01:51,-08:00,2025-01-31T11:01:51-08:00,0,0
style.css,76,css,62bd2fd5,Katelyn Zhao,2025-01-31,11:01:51,-08:00,2025-01-31T11:01:51-08:00,0,18
style.css,77,css,62bd2fd5,Katelyn Zhao,2025-01-31,11:01:51,-08:00,2025-01-31T11:01:51-08:00,0,27
style.css,78,css,62bd2fd5,Katelyn Zhao,2025-01-31,11:01:51,-08:00,2025-01-31T11:01:51-08:00,0,16
style.css,79,css,62bd2fd5,Katelyn Zhao,2025-01-31,11:01:51,-08:00,2025-01-31T11:01:51-08:00,0,8
style.css,80,css,62bd2fd5,Katelyn Zhao,2025-01-31,11:01:51,-08:00,2025-01-31T11:01:51-08:00,0,0
style.css,81,css,62bd2fd5,Katelyn Zhao,2025-01-31,11:01:51,-08:00,2025-01-31T11:01:51-08:00,0,0
style.css,82,css,62bd2fd5,Katelyn Zhao,2025-01-31,11:01:51,-08:00,2025-01-31T11:01:51-08:00,0,13
style.css,83,css,62bd2fd5,Katelyn Zhao,2025-01-31,11:01:51,-08:00,2025-01-31T11:01:51-08:00,0,9
style.css,84,css,62bd2fd5,Katelyn Zhao,2025-01-31,11:01:51,-08:00,2025-01-31T11:01:51-08:00,0,0
style.css,85,css,62bd2fd5,Katelyn Zhao,2025-01-31,11:01:51,-08:00,2025-01-31T11:01:51-08:00,0,0
style.css,86,css,62bd2fd5,Katelyn Zhao,2025-01-31,11:01:51,-08:00,2025-01-31T11:01:51-08:00,0,3
style.css,87,css,62bd2fd5,Katelyn Zhao,2025-01-31,11:01:51,-08:00,2025-01-31T11:01:51-08:00,0,15
style.css,88,css,62bd2fd5,Katelyn Zhao,2025-01-31,11:01:51,-08:00,2025-01-31T11:01:51-08:00,0,0
style.css,89,css,62bd2fd5,Katelyn Zhao,2025-01-31,11:01:51,-08:00,2025-01-31T11:01:51-08:00,0,0
style.css,90,css,00000000,Not Committed Yet,2025-02-14,18:58:52,-08:00,2025-02-14T18:58:52-08:00,0,2
style.css,91,css,00000000,Not Committed Yet,2025-02-14,18:58:52,-08:00,2025-02-14T18:58:52-08:00,0,2
style.css,92,css,00000000,Not Committed Yet,2025-02-14,18:58:52,-08:00,2025-02-14T18:58:52-08:00,0,2
style.css,93,css,00000000,Not Committed Yet,2025-02-14,18:58:52,-08:00,2025-02-14T18:58:52-08:00,0,2
style.css,94,css,00000000,Not Committed Yet,2025-02-14,18:58:52,-08:00,2025-02-14T18:58:52-08:00,0,2
style.css,95,css,00000000,Not Committed Yet,2025-02-14,18:58:52,-08:00,2025-02-14T18:58:52-08:00,0,3
style.css,96,css,62bd2fd5,Katelyn Zhao,2025-01-31,11:01:51,-08:00,2025-01-31T11:01:51-08:00,0,16
style.css,97,css,62bd2fd5,Katelyn Zhao,2025-01-31,11:01:51,-08:00,2025-01-31T11:01:51-08:00,0,0
style.css,98,css,b921a385,Katelyn Zhao,2025-01-17,20:12:57,-08:00,2025-01-17T20:12:57-08:00,0,0
style.css,99,css,b921a385,Katelyn Zhao,2025-01-17,20:12:57,-08:00,2025-01-17T20:12:57-08:00,0,21
style.css,100,css,b921a385,Katelyn Zhao,2025-01-17,20:12:57,-08:00,2025-01-17T20:12:57-08:00,0,18
style.css,101,css,b921a385,Katelyn Zhao,2025-01-17,20:12:57,-08:00,2025-01-17T20:12:57-08:00,0,0
style.css,102,css,b921a385,Katelyn Zhao,2025-01-17,20:12:57,-08:00,2025-01-17T20:12:57-08:00,0,0
style.css,103,css,b921a385,Katelyn Zhao,2025-01-17,20:12:57,-08:00,2025-01-17T20:12:57-08:00,0,29
style.css,104,css,1cc0c800,Katelyn Zhao,2025-01-17,20:46:04,-08:00,2025-01-17T20:46:04-08:00,0,15
style.css,105,css,1cc0c800,Katelyn Zhao,2025-01-17,20:46:04,-08:00,2025-01-17T20:46:04-08:00,0,20
style.css,106,css,62bd2fd5,Katelyn Zhao,2025-01-31,11:01:51,-08:00,2025-01-31T11:01:51-08:00,0,44
style.css,107,css,b921a385,Katelyn Zhao,2025-01-17,20:12:57,-08:00,2025-01-17T20:12:57-08:00,0,0
style.css,108,css,ef31dd82,Katelyn Zhao,2025-01-24,01:59:10,-08:00,2025-01-24T01:59:10-08:00,0,0
style.css,109,css,ef31dd82,Katelyn Zhao,2025-01-24,01:59:10,-08:00,2025-01-24T01:59:10-08:00,0,14
style.css,110,css,62bd2fd5,Katelyn Zhao,2025-01-31,11:01:51,-08:00,2025-01-31T11:01:51-08:00,0,18
style.css,111,css,62bd2fd5,Katelyn Zhao,2025-01-31,11:01:51,-08:00,2025-01-31T11:01:51-08:00,0,9
style.css,112,css,62bd2fd5,Katelyn Zhao,2025-01-31,11:01:51,-08:00,2025-01-31T11:01:51-08:00,0,11
style.css,113,css,62bd2fd5,Katelyn Zhao,2025-01-31,11:01:51,-08:00,2025-01-31T11:01:51-08:00,0,0
style.css,114,css,62bd2fd5,Katelyn Zhao,2025-01-31,11:01:51,-08:00,2025-01-31T11:01:51-08:00,0,0
style.css,115,css,00000000,Not Committed Yet,2025-02-14,18:58:52,-08:00,2025-02-14T18:58:52-08:00,0,21
style.css,116,css,62bd2fd5,Katelyn Zhao,2025-01-31,11:01:51,-08:00,2025-01-31T11:01:51-08:00,0,14
style.css,117,css,ef31dd82,Katelyn Zhao,2025-01-24,01:59:10,-08:00,2025-01-24T01:59:10-08:00,0,20
style.css,118,css,ef31dd82,Katelyn Zhao,2025-01-24,01:59:10,-08:00,2025-01-24T01:59:10-08:00,0,0
style.css,119,css,62bd2fd5,Katelyn Zhao,2025-01-31,11:01:51,-08:00,2025-01-31T11:01:51-08:00,0,0
style.css,120,css,62bd2fd5,Katelyn Zhao,2025-01-31,11:01:51,-08:00,2025-01-31T11:01:51-08:00,0,18
style.css,121,css,62bd2fd5,Katelyn Zhao,2025-01-31,11:01:51,-08:00,2025-01-31T11:01:51-08:00,0,13
style.css,122,css,62bd2fd5,Katelyn Zhao,2025-01-31,11:01:51,-08:00,2025-01-31T11:01:51-08:00,0,37
style.css,123,css,62bd2fd5,Katelyn Zhao,2025-01-31,11:01:51,-08:00,2025-01-31T11:01:51-08:00,0,0
style.css,124,css,62bd2fd5,Katelyn Zhao,2025-01-31,11:01:51,-08:00,2025-01-31T11:01:51-08:00,0,0
style.css,125,css,62bd2fd5,Katelyn Zhao,2025-01-31,11:01:51,-08:00,2025-01-31T11:01:51-08:00,0,18
style.css,126,css,62bd2fd5,Katelyn Zhao,2025-01-31,11:01:51,-08:00,2025-01-31T11:01:51-08:00,0,11
style.css,127,css,62bd2fd5,Katelyn Zhao,2025-01-31,11:01:51,-08:00,2025-01-31T11:01:51-08:00,0,0
style.css,128,css,62bd2fd5,Katelyn Zhao,2025-01-31,11:01:51,-08:00,2025-01-31T11:01:51-08:00,0,0
style.css,129,css,62bd2fd5,Katelyn Zhao,2025-01-31,11:01:51,-08:00,2025-01-31T11:01:51-08:00,0,18
style.css,130,css,62bd2fd5,Katelyn Zhao,2025-01-31,11:01:51,-08:00,2025-01-31T11:01:51-08:00,0,11
style.css,131,css,efeb6fb0,Katelyn Zhao,2025-02-07,14:26:01,-08:00,2025-02-07T14:26:01-08:00,0,0
style.css,132,css,efeb6fb0,Katelyn Zhao,2025-02-07,14:26:01,-08:00,2025-02-07T14:26:01-08:00,0,0
style.css,133,css,efeb6fb0,Katelyn Zhao,2025-02-07,14:26:01,-08:00,2025-02-07T14:26:01-08:00,0,15
style.css,134,css,efeb6fb0,Katelyn Zhao,2025-02-07,14:26:01,-08:00,2025-02-07T14:26:01-08:00,0,15
style.css,135,css,efeb6fb0,Katelyn Zhao,2025-02-07,14:26:01,-08:00,2025-02-07T14:26:01-08:00,0,17
style.css,136,css,efeb6fb0,Katelyn Zhao,2025-02-07,14:26:01,-08:00,2025-02-07T14:26:01-08:00,0,17
style.css,137,css,efeb6fb0,Katelyn Zhao,2025-02-07,14:26:01,-08:00,2025-02-07T14:26:01-08:00,0,0
style.css,138,css,efeb6fb0,Katelyn Zhao,2025-02-07,14:26:01,-08:00,2025-02-07T14:26:01-08:00,0,0
style.css,139,css,efeb6fb0,Katelyn Zhao,2025-02-07,14:26:01,-08:00,2025-02-07T14:26:01-08:00,0,11
style.css,140,css,efeb6fb0,Katelyn Zhao,2025-02-07,14:26:01,-08:00,2025-02-07T14:26:01-08:00,0,13
style.css,141,css,efeb6fb0,Katelyn Zhao,2025-02-07,14:26:01,-08:00,2025-02-07T14:26:01-08:00,0,19
style.css,142,css,efeb6fb0,Katelyn Zhao,2025-02-07,14:26:01,-08:00,2025-02-07T14:26:01-08:00,0,8
style.css,143,css,efeb6fb0,Katelyn Zhao,2025-02-07,14:26:01,-08:00,2025-02-07T14:26:01-08:00,0,12
style.css,144,css,efeb6fb0,Katelyn Zhao,2025-02-07,14:26:01,-08:00,2025-02-07T14:26:01-08:00,0,22
style.css,145,css,efeb6fb0,Katelyn Zhao,2025-02-07,14:26:01,-08:00,2025-02-07T14:26:01-08:00,0,0
style.css,146,css,efeb6fb0,Katelyn Zhao,2025-02-07,14:26:01,-08:00,2025-02-07T14:26:01-08:00,0,0
style.css,147,css,efeb6fb0,Katelyn Zhao,2025-02-07,14:26:01,-08:00,2025-02-07T14:26:01-08:00,0,8
style.css,148,css,efeb6fb0,Katelyn Zhao,2025-02-07,14:26:01,-08:00,2025-02-07T14:26:01-08:00,0,13
style.css,149,css,efeb6fb0,Katelyn Zhao,2025-02-07,14:26:01,-08:00,2025-02-07T14:26:01-08:00,0,58
style.css,150,css,efeb6fb0,Katelyn Zhao,2025-02-07,14:26:01,-08:00,2025-02-07T14:26:01-08:00,0,16
style.css,151,css,00000000,Not Committed Yet,2025-02-14,18:58:52,-08:00,2025-02-14T18:58:52-08:00,0,12
style.css,152,css,efeb6fb0,Katelyn Zhao,2025-02-07,14:26:01,-08:00,2025-02-07T14:26:01-08:00,0,13
style.css,153,css,efeb6fb0,Katelyn Zhao,2025-02-07,14:26:01,-08:00,2025-02-07T14:26:01-08:00,0,22
style.css,154,css,efeb6fb0,Katelyn Zhao,2025-02-07,14:26:01,-08:00,2025-02-07T14:26:01-08:00,0,18
style.css,155,css,00000000,Not Committed Yet,2025-02-14,18:58:52,-08:00,2025-02-14T18:58:52-08:00,0,7
style.css,156,css,00000000,Not Committed Yet,2025-02-14,18:58:52,-08:00,2025-02-14T18:58:52-08:00,0,11
style.css,157,css,efeb6fb0,Katelyn Zhao,2025-02-07,14:26:01,-08:00,2025-02-07T14:26:01-08:00,0,22
style.css,158,css,efeb6fb0,Katelyn Zhao,2025-02-07,14:26:01,-08:00,2025-02-07T14:26:01-08:00,0,0
style.css,159,css,efeb6fb0,Katelyn Zhao,2025-02-07,14:26:01,-08:00,2025-02-07T14:26:01-08:00,0,0
style.css,160,css,efeb6fb0,Katelyn Zhao,2025-02-07,14:26:01,-08:00,2025-02-07T14:26:01-08:00,0,11
style.css,161,css,efeb6fb0,Katelyn Zhao,2025-02-07,14:26:01,-08:00,2025-02-07T14:26:01-08:00,0,13
style.css,162,css,efeb6fb0,Katelyn Zhao,2025-02-07,14:26:01,-08:00,2025-02-07T14:26:01-08:00,0,19
style.css,163,css,efeb6fb0,Katelyn Zhao,2025-02-07,14:26:01,-08:00,2025-02-07T14:26:01-08:00,0,18
style.css,164,css,00000000,Not Committed Yet,2025-02-14,18:58:52,-08:00,2025-02-14T18:58:52-08:00,0,7
style.css,165,css,00000000,Not Committed Yet,2025-02-14,18:58:52,-08:00,2025-02-14T18:58:52-08:00,0,11
style.css,166,css,efeb6fb0,Katelyn Zhao,2025-02-07,14:26:01,-08:00,2025-02-07T14:26:01-08:00,0,14
style.css,167,css,efeb6fb0,Katelyn Zhao,2025-02-07,14:26:01,-08:00,2025-02-07T14:26:01-08:00,0,22
style.css,168,css,efeb6fb0,Katelyn Zhao,2025-02-07,14:26:01,-08:00,2025-02-07T14:26:01-08:00,0,0
style.css,169,css,efeb6fb0,Katelyn Zhao,2025-02-07,14:26:01,-08:00,2025-02-07T14:26:01-08:00,0,0
style.css,170,css,efeb6fb0,Katelyn Zhao,2025-02-07,14:26:01,-08:00,2025-02-07T14:26:01-08:00,0,16
style.css,171,css,efeb6fb0,Katelyn Zhao,2025-02-07,14:26:01,-08:00,2025-02-07T14:26:01-08:00,0,21
style.css,172,css,efeb6fb0,Katelyn Zhao,2025-02-07,14:26:01,-08:00,2025-02-07T14:26:01-08:00,0,11
style.css,173,css,efeb6fb0,Katelyn Zhao,2025-02-07,14:26:01,-08:00,2025-02-07T14:26:01-08:00,0,12
style.css,174,css,efeb6fb0,Katelyn Zhao,2025-02-07,14:26:01,-08:00,2025-02-07T14:26:01-08:00,0,18
style.css,175,css,efeb6fb0,Katelyn Zhao,2025-02-07,14:26:01,-08:00,2025-02-07T14:26:01-08:00,0,30
style.css,176,css,efeb6fb0,Katelyn Zhao,2025-02-07,14:26:01,-08:00,2025-02-07T14:26:01-08:00,0,18
style.css,177,css,efeb6fb0,Katelyn Zhao,2025-02-07,14:26:01,-08:00,2025-02-07T14:26:01-08:00,0,0
style.css,178,css,efeb6fb0,Katelyn Zhao,2025-02-07,14:26:01,-08:00,2025-02-07T14:26:01-08:00,0,0
style.css,179,css,efeb6fb0,Katelyn Zhao,2025-02-07,14:26:01,-08:00,2025-02-07T14:26:01-08:00,0,11
style.css,180,css,efeb6fb0,Katelyn Zhao,2025-02-07,14:26:01,-08:00,2025-02-07T14:26:01-08:00,0,18
style.css,181,css,efeb6fb0,Katelyn Zhao,2025-02-07,14:26:01,-08:00,2025-02-07T14:26:01-08:00,0,11
style.css,182,css,efeb6fb0,Katelyn Zhao,2025-02-07,14:26:01,-08:00,2025-02-07T14:26:01-08:00,0,0
style.css,183,css,efeb6fb0,Katelyn Zhao,2025-02-07,14:26:01,-08:00,2025-02-07T14:26:01-08:00,0,0
style.css,184,css,efeb6fb0,Katelyn Zhao,2025-02-07,14:26:01,-08:00,2025-02-07T14:26:01-08:00,0,11
style.css,185,css,efeb6fb0,Katelyn Zhao,2025-02-07,14:26:01,-08:00,2025-02-07T14:26:01-08:00,0,11
style.css,186,css,efeb6fb0,Katelyn Zhao,2025-02-07,14:26:01,-08:00,2025-02-07T14:26:01-08:00,0,22
style.css,187,css,efeb6fb0,Katelyn Zhao,2025-02-07,14:26:01,-08:00,2025-02-07T14:26:01-08:00,0,14
style.css,188,css,efeb6fb0,Katelyn Zhao,2025-02-07,14:26:01,-08:00,2025-02-07T14:26:01-08:00,0,13
style.css,189,css,efeb6fb0,Katelyn Zhao,2025-02-07,14:26:01,-08:00,2025-02-07T14:26:01-08:00,0,0
style.css,190,css,efeb6fb0,Katelyn Zhao,2025-02-07,14:26:01,-08:00,2025-02-07T14:26:01-08:00,0,0
style.css,191,css,efeb6fb0,Katelyn Zhao,2025-02-07,14:26:01,-08:00,2025-02-07T14:26:01-08:00,0,37
style.css,192,css,efeb6fb0,Katelyn Zhao,2025-02-07,14:26:01,-08:00,2025-02-07T14:26:01-08:00,0,12
style.css,193,css,efeb6fb0,Katelyn Zhao,2025-02-07,14:26:01,-08:00,2025-02-07T14:26:01-08:00,0,0
style.css,194,css,efeb6fb0,Katelyn Zhao,2025-02-07,14:26:01,-08:00,2025-02-07T14:26:01-08:00,0,0
style.css,195,css,efeb6fb0,Katelyn Zhao,2025-02-07,14:26:01,-08:00,2025-02-07T14:26:01-08:00,0,5
style.css,196,css,efeb6fb0,Katelyn Zhao,2025-02-07,14:26:01,-08:00,2025-02-07T14:26:01-08:00,0,17
style.css,197,css,efeb6fb0,Katelyn Zhao,2025-02-07,14:26:01,-08:00,2025-02-07T14:26:01-08:00,0,15
style.css,198,css,efeb6fb0,Katelyn Zhao,2025-02-07,14:26:01,-08:00,2025-02-07T14:26:01-08:00,0,0
style.css,199,css,efeb6fb0,Katelyn Zhao,2025-02-07,14:26:01,-08:00,2025-02-07T14:26:01-08:00,0,0
style.css,200,css,efeb6fb0,Katelyn Zhao,2025-02-07,14:26:01,-08:00,2025-02-07T14:26:01-08:00,0,14
style.css,201,css,efeb6fb0,Katelyn Zhao,2025-02-07,14:26:01,-08:00,2025-02-07T14:26:01-08:00,0,45
style.css,202,css,efeb6fb0,Katelyn Zhao,2025-02-07,14:26:01,-08:00,2025-02-07T14:26:01-08:00,0,0
style.css,203,css,efeb6fb0,Katelyn Zhao,2025-02-07,14:26:01,-08:00,2025-02-07T14:26:01-08:00,0,11
style.css,204,css,efeb6fb0,Katelyn Zhao,2025-02-07,14:26:01,-08:00,2025-02-07T14:26:01-08:00,0,18
style.css,205,css,efeb6fb0,Katelyn Zhao,2025-02-07,14:26:01,-08:00,2025-02-07T14:26:01-08:00,0,0
style.css,206,css,efeb6fb0,Katelyn Zhao,2025-02-07,14:26:01,-08:00,2025-02-07T14:26:01-08:00,0,0
style.css,207,css,efeb6fb0,Katelyn Zhao,2025-02-07,14:26:01,-08:00,2025-02-07T14:26:01-08:00,0,0
style.css,208,css,efeb6fb0,Katelyn Zhao,2025-02-07,14:26:01,-08:00,2025-02-07T14:26:01-08:00,0,12
style.css,209,css,efeb6fb0,Katelyn Zhao,2025-02-07,14:26:01,-08:00,2025-02-07T14:26:01-08:00,0,45
style.css,210,css,efeb6fb0,Katelyn Zhao,2025-02-07,14:26:01,-08:00,2025-02-07T14:26:01-08:00,0,0
style.css,211,css,efeb6fb0,Katelyn Zhao,2025-02-07,14:26:01,-08:00,2025-02-07T14:26:01-08:00,0,11
style.css,212,css,efeb6fb0,Katelyn Zhao,2025-02-07,14:26:01,-08:00,2025-02-07T14:26:01-08:00,0,18
style.css,213,css,efeb6fb0,Katelyn Zhao,2025-02-07,14:26:01,-08:00,2025-02-07T14:26:01-08:00,0,0
style.css,214,css,00000000,Not Committed Yet,2025-02-14,18:58:52,-08:00,2025-02-14T18:58:52-08:00,0,0
style.css,215,css,00000000,Not Committed Yet,2025-02-14,18:58:52,-08:00,2025-02-14T18:58:52-08:00,0,0
style.css,216,css,00000000,Not Committed Yet,2025-02-14,18:58:52,-08:00,2025-02-14T18:58:52-08:00,0,10
style.css,217,css,00000000,Not Committed Yet,2025-02-14,18:58:52,-08:00,2025-02-14T18:58:52-08:00,0,13
style.css,218,css,00000000,Not Committed Yet,2025-02-14,18:58:52,-08:00,2025-02-14T18:58:52-08:00,0,37
style.css,219,css,00000000,Not Committed Yet,2025-02-14,18:58:52,-08:00,2025-02-14T18:58:52-08:00,0,12
style.css,220,css,00000000,Not Committed Yet,2025-02-14,18:58:52,-08:00,2025-02-14T18:58:52-08:00,0,0
style.css,221,css,00000000,Not Committed Yet,2025-02-14,18:58:52,-08:00,2025-02-14T18:58:52-08:00,0,0
style.css,222,css,00000000,Not Committed Yet,2025-02-14,18:58:52,-08:00,2025-02-14T18:58:52-08:00,0,10
style.css,223,css,00000000,Not Committed Yet,2025-02-14,18:58:52,-08:00,2025-02-14T18:58:52-08:00,0,11
style.css,224,css,00000000,Not Committed Yet,2025-02-14,18:58:52,-08:00,2025-02-14T18:58:52-08:00,0,14
style.css,225,css,00000000,Not Committed Yet,2025-02-14,18:58:52,-08:00,2025-02-14T18:58:52-08:00,0,0
style.css,226,css,00000000,Not Committed Yet,2025-02-14,18:58:52,-08:00,2025-02-14T18:58:52-08:00,0,0
style.css,227,css,00000000,Not Committed Yet,2025-02-14,18:58:52,-08:00,2025-02-14T18:58:52-08:00,0,10
style.css,228,css,00000000,Not Committed Yet,2025-02-14,18:58:52,-08:00,2025-02-14T18:58:52-08:00,0,11
style.css,229,css,00000000,Not Committed Yet,2025-02-14,18:58:52,-08:00,2025-02-14T18:58:52-08:00,0,14
style.css,230,css,00000000,Not Committed Yet,2025-02-14,18:58:52,-08:00,2025-02-14T18:58:52-08:00,0,0
style.css,231,css,00000000,Not Committed Yet,2025-02-14,18:58:52,-08:00,2025-02-14T18:58:52-08:00,0,0
style.css,232,css,00000000,Not Committed Yet,2025-02-14,18:58:52,-08:00,2025-02-14T18:58:52-08:00,0,10
style.css,233,css,00000000,Not Committed Yet,2025-02-14,18:58:52,-08:00,2025-02-14T18:58:52-08:00,0,11
style.css,234,css,00000000,Not Committed Yet,2025-02-14,18:58:52,-08:00,2025-02-14T18:58:52-08:00,0,12
style.css,235,css,00000000,Not Committed Yet,2025-02-14,18:58:52,-08:00,2025-02-14T18:58:52-08:00,0,17
style.css,236,css,00000000,Not Committed Yet,2025-02-14,18:58:52,-08:00,2025-02-14T18:58:52-08:00,0,12
style.css,237,css,00000000,Not Committed Yet,2025-02-14,18:58:52,-08:00,2025-02-14T18:58:52-08:00,0,0
style.css,238,css,00000000,Not Committed Yet,2025-02-14,18:58:52,-08:00,2025-02-14T18:58:52-08:00,0,0
style.css,239,css,00000000,Not Committed Yet,2025-02-14,18:58:52,-08:00,2025-02-14T18:58:52-08:00,0,16
style.css,240,css,00000000,Not Committed Yet,2025-02-14,18:58:52,-08:00,2025-02-14T18:58:52-08:00,0,12
style.css,241,css,00000000,Not Committed Yet,2025-02-14,18:58:52,-08:00,2025-02-14T18:58:52-08:00,0,17
style.css,242,css,00000000,Not Committed Yet,2025-02-14,18:58:52,-08:00,2025-02-14T18:58:52-08:00,0,12
style.css,243,css,00000000,Not Committed Yet,2025-02-14,18:58:52,-08:00,2025-02-14T18:58:52-08:00,0,0
style.css,244,css,00000000,Not Committed Yet,2025-02-14,18:58:52,-08:00,2025-02-14T18:58:52-08:00,0,0
style.css,245,css,00000000,Not Committed Yet,2025-02-14,18:58:52,-08:00,2025-02-14T18:58:52-08:00,0,8
style.css,246,css,00000000,Not Committed Yet,2025-02-14,18:58:52,-08:00,2025-02-14T18:58:52-08:00,0,13
style.css,247,css,00000000,Not Committed Yet,2025-02-14,18:58:52,-08:00,2025-02-14T18:58:52-08:00,0,31
style.css,248,css,00000000,Not Committed Yet,2025-02-14,18:58:52,-08:00,2025-02-14T18:58:52-08:00,0,9
style.css,249,css,00000000,Not Committed Yet,2025-02-14,18:58:52,-08:00,2025-02-14T18:58:52-08:00,0,26
style.css,250,css,00000000,Not Committed Yet,2025-02-14,18:58:52,-08:00,2025-02-14T18:58:52-08:00,0,40
style.css,251,css,00000000,Not Committed Yet,2025-02-14,18:58:52,-08:00,2025-02-14T18:58:52-08:00,0,0
style.css,252,css,00000000,Not Committed Yet,2025-02-14,18:58:52,-08:00,2025-02-14T18:58:52-08:00,0,0
style.css,253,css,00000000,Not Committed Yet,2025-02-14,18:58:52,-08:00,2025-02-14T18:58:52-08:00,0,43
style.css,254,css,00000000,Not Committed Yet,2025-02-14,18:58:52,-08:00,2025-02-14T18:58:52-08:00,0,10
style.css,255,css,00000000,Not Committed Yet,2025-02-14,18:58:52,-08:00,2025-02-14T18:58:52-08:00,0,18
style.css,256,css,00000000,Not Committed Yet,2025-02-14,18:58:52,-08:00,2025-02-14T18:58:52-08:00,0,0
style.css,257,css,00000000,Not Committed Yet,2025-02-14,18:58:52,-08:00,2025-02-14T18:58:52-08:00,0,0
style.css,258,css,00000000,Not Committed Yet,2025-02-14,18:58:52,-08:00,2025-02-14T18:58:52-08:00,0,11
style.css,259,css,00000000,Not Committed Yet,2025-02-14,18:58:52,-08:00,2025-02-14T18:58:52-08:00,0,9
style.css,260,css,00000000,Not Committed Yet,2025-02-14,18:58:52,-08:00,2025-02-14T18:58:52-08:00,0,19
style.css,261,css,00000000,Not Committed Yet,2025-02-14,18:58:52,-08:00,2025-02-14T18:58:52-08:00,0,11
style.css,262,css,00000000,Not Committed Yet,2025-02-14,18:58:52,-08:00,2025-02-14T18:58:52-08:00,0,0
style.css,263,css,00000000,Not Committed Yet,2025-02-14,18:58:52,-08:00,2025-02-14T18:58:52-08:00,0,0
style.css,264,css,00000000,Not Committed Yet,2025-02-14,18:58:52,-08:00,2025-02-14T18:58:52-08:00,0,11
style.css,265,css,00000000,Not Committed Yet,2025-02-14,18:58:52,-08:00,2025-02-14T18:58:52-08:00,0,9
style.css,266,css,00000000,Not Committed Yet,2025-02-14,18:58:52,-08:00,2025-02-14T18:58:52-08:00,0,17
style.css,267,css,00000000,Not Committed Yet,2025-02-14,18:58:52,-08:00,2025-02-14T18:58:52-08:00,0,0
style.css,268,css,00000000,Not Committed Yet,2025-02-14,18:58:52,-08:00,2025-02-14T18:58:52-08:00,0,0
style.css,269,css,00000000,Not Committed Yet,2025-02-14,18:58:52,-08:00,2025-02-14T18:58:52-08:00,0,9
style.css,270,css,00000000,Not Committed Yet,2025-02-14,18:58:52,-08:00,2025-02-14T18:58:52-08:00,0,15
style.css,271,css,00000000,Not Committed Yet,2025-02-14,18:58:52,-08:00,2025-02-14T18:58:52-08:00,0,8
style.css,272,css,00000000,Not Committed Yet,2025-02-14,18:58:52,-08:00,2025-02-14T18:58:52-08:00,0,9
style.css,273,css,00000000,Not Committed Yet,2025-02-14,18:58:52,-08:00,2025-02-14T18:58:52-08:00,0,23
style.css,274,css,00000000,Not Committed Yet,2025-02-14,18:58:52,-08:00,2025-02-14T18:58:52-08:00,0,22
style.css,275,css,00000000,Not Committed Yet,2025-02-14,18:58:52,-08:00,2025-02-14T18:58:52-08:00,0,14
style.css,276,css,00000000,Not Committed Yet,2025-02-14,18:58:52,-08:00,2025-02-14T18:58:52-08:00,0,39
style.css,277,css,00000000,Not Committed Yet,2025-02-14,18:58:52,-08:00,2025-02-14T18:58:52-08:00,0,0
style.css,278,css,00000000,Not Committed Yet,2025-02-14,18:58:52,-08:00,2025-02-14T18:58:52-08:00,0,0
style.css,279,css,00000000,Not Committed Yet,2025-02-14,18:58:52,-08:00,2025-02-14T18:58:52-08:00,0,7
style.css,280,css,00000000,Not Committed Yet,2025-02-14,18:58:52,-08:00,2025-02-14T18:58:52-08:00,0,17
style.css,281,css,00000000,Not Committed Yet,2025-02-14,18:58:52,-08:00,2025-02-14T18:58:52-08:00,0,24
style.css,282,css,00000000,Not Committed Yet,2025-02-14,18:58:52,-08:00,2025-02-14T18:58:52-08:00,0,23
style.css,283,css,00000000,Not Committed Yet,2025-02-14,18:58:52,-08:00,2025-02-14T18:58:52-08:00,0,0
style.css,284,css,00000000,Not Committed Yet,2025-02-14,18:58:52,-08:00,2025-02-14T18:58:52-08:00,0,0
style.css,285,css,00000000,Not Committed Yet,2025-02-14,18:58:52,-08:00,2025-02-14T18:58:52-08:00,0,13
style.css,286,css,00000000,Not Committed Yet,2025-02-14,18:58:52,-08:00,2025-02-14T18:58:52-08:00,0,21
style.css,287,css,00000000,Not Committed Yet,2025-02-14,18:58:52,-08:00,2025-02-14T18:58:52-08:00,0,0
index.js,1,js,00000000,Not Committed Yet,2025-02-14,18:58:52,-08:00,2025-02-14T18:58:52-08:00,0,72
index.js,2,js,62bd2fd5,Katelyn Zhao,2025-01-31,11:01:51,-08:00,2025-01-31T11:01:51-08:00,0,0
index.js,3,js,00000000,Not Committed Yet,2025-02-14,18:58:52,-08:00,2025-02-14T18:58:52-08:00,0,55
index.js,4,js,62bd2fd5,Katelyn Zhao,2025-01-31,11:01:51,-08:00,2025-01-31T11:01:51-08:00,0,43
index.js,5,js,62bd2fd5,Katelyn Zhao,2025-01-31,11:01:51,-08:00,2025-01-31T11:01:51-08:00,0,0
index.js,6,js,00000000,Not Committed Yet,2025-02-14,18:58:52,-08:00,2025-02-14T18:58:52-08:00,0,61
index.js,7,js,62bd2fd5,Katelyn Zhao,2025-01-31,11:01:51,-08:00,2025-01-31T11:01:51-08:00,0,0
index.js,8,js,00000000,Not Committed Yet,2025-02-14,18:58:52,-08:00,2025-02-14T18:58:52-08:00,0,55
index.js,9,js,62bd2fd5,Katelyn Zhao,2025-01-31,11:01:51,-08:00,2025-01-31T11:01:51-08:00,0,0
index.js,10,js,00000000,Not Committed Yet,2025-02-14,18:58:52,-08:00,2025-02-14T18:58:52-08:00,0,56
index.js,11,js,00000000,Not Committed Yet,2025-02-14,18:58:52,-08:00,2025-02-14T18:58:52-08:00,0,61
index.js,12,js,62bd2fd5,Katelyn Zhao,2025-01-31,11:01:51,-08:00,2025-01-31T11:01:51-08:00,0,0
index.js,13,js,62bd2fd5,Katelyn Zhao,2025-01-31,11:01:51,-08:00,2025-01-31T11:01:51-08:00,0,18
index.js,14,js,00000000,Not Committed Yet,2025-02-14,18:58:52,-08:00,2025-02-14T18:58:52-08:00,0,25
index.js,15,js,62bd2fd5,Katelyn Zhao,2025-01-31,11:01:51,-08:00,2025-01-31T11:01:51-08:00,0,3
index.js,16,js,62bd2fd5,Katelyn Zhao,2025-01-31,11:01:51,-08:00,2025-01-31T11:01:51-08:00,0,55
index.js,17,js,62bd2fd5,Katelyn Zhao,2025-01-31,11:01:51,-08:00,2025-01-31T11:01:51-08:00,0,55
index.js,18,js,62bd2fd5,Katelyn Zhao,2025-01-31,11:01:51,-08:00,2025-01-31T11:01:51-08:00,0,49
index.js,19,js,62bd2fd5,Katelyn Zhao,2025-01-31,11:01:51,-08:00,2025-01-31T11:01:51-08:00,0,49
index.js,20,js,62bd2fd5,Katelyn Zhao,2025-01-31,11:01:51,-08:00,2025-01-31T11:01:51-08:00,0,4
index.js,21,js,62bd2fd5,Katelyn Zhao,2025-01-31,11:01:51,-08:00,2025-01-31T11:01:51-08:00,0,1
index.js,22,js,62bd2fd5,Katelyn Zhao,2025-01-31,11:01:51,-08:00,2025-01-31T11:01:51-08:00,0,0
index.html,1,html,00000000,Not Committed Yet,2025-02-14,18:58:52,-08:00,2025-02-14T18:58:52-08:00,0,14
index.html,2,html,62bd2fd5,Katelyn Zhao,2025-01-31,11:01:51,-08:00,2025-01-31T11:01:51-08:00,0,15
index.html,3,html,00000000,Not Committed Yet,2025-02-14,18:58:52,-08:00,2025-02-14T18:58:52-08:00,0,5
index.html,4,html,00000000,Not Committed Yet,2025-02-14,18:58:52,-08:00,2025-02-14T18:58:52-08:00,0,23
index.html,5,html,00000000,Not Committed Yet,2025-02-14,18:58:52,-08:00,2025-02-14T18:58:52-08:00,0,71
index.html,6,html,5fbe2e68,Katelyn Zhao,2025-01-09,11:29:26,-08:00,2025-01-09T11:29:26-08:00,0,55
index.html,7,html,00000000,Not Committed Yet,2025-02-14,18:58:52,-08:00,2025-02-14T18:58:52-08:00,0,41
index.html,8,html,62bd2fd5,Katelyn Zhao,2025-01-31,11:01:51,-08:00,2025-01-31T11:01:51-08:00,0,46
index.html,9,html,62bd2fd5,Katelyn Zhao,2025-01-31,11:01:51,-08:00,2025-01-31T11:01:51-08:00,0,51
index.html,10,html,00000000,Not Committed Yet,2025-02-14,18:58:52,-08:00,2025-02-14T18:58:52-08:00,0,6
index.html,11,html,00000000,Not Committed Yet,2025-02-14,18:58:52,-08:00,2025-02-14T18:58:52-08:00,0,5
index.html,12,html,5fbe2e68,Katelyn Zhao,2025-01-09,11:29:26,-08:00,2025-01-09T11:29:26-08:00,0,20
index.html,13,html,00000000,Not Committed Yet,2025-02-14,18:58:52,-08:00,2025-02-14T18:58:52-08:00,0,2
index.html,14,html,00000000,Not Committed Yet,2025-02-14,18:58:52,-08:00,2025-02-14T18:58:52-08:00,0,70
index.html,15,html,00000000,Not Committed Yet,2025-02-14,18:58:52,-08:00,2025-02-14T18:58:52-08:00,0,4
index.html,16,html,00000000,Not Committed Yet,2025-02-14,18:58:52,-08:00,2025-02-14T18:58:52-08:00,0,3
index.html,17,html,00000000,Not Committed Yet,2025-02-14,18:58:52,-08:00,2025-02-14T18:58:52-08:00,0,3
index.html,18,html,00000000,Not Committed Yet,2025-02-14,18:58:52,-08:00,2025-02-14T18:58:52-08:00,0,24
index.html,19,html,00000000,Not Committed Yet,2025-02-14,18:58:52,-08:00,2025-02-14T18:58:52-08:00,0,24
index.html,20,html,00000000,Not Committed Yet,2025-02-14,18:58:52,-08:00,2025-02-14T18:58:52-08:00,0,10
index.html,21,html,00000000,Not Committed Yet,2025-02-14,18:58:52,-08:00,2025-02-14T18:58:52-08:00,0,11
index.html,22,html,00000000,Not Committed Yet,2025-02-14,18:58:52,-08:00,2025-02-14T18:58:52-08:00,0,1
index.html,23,html,62bd2fd5,Katelyn Zhao,2025-01-31,11:01:51,-08:00,2025-01-31T11:01:51-08:00,0,23
index.html,24,html,00000000,Not Committed Yet,2025-02-14,18:58:52,-08:00,2025-02-14T18:58:52-08:00,0,27
index.html,25,html,62bd2fd5,Katelyn Zhao,2025-01-31,11:01:51,-08:00,2025-01-31T11:01:51-08:00,0,23
index.html,26,html,00000000,Not Committed Yet,2025-02-14,18:58:52,-08:00,2025-02-14T18:58:52-08:00,0,29
index.html,27,html,00000000,Not Committed Yet,2025-02-14,18:58:52,-08:00,2025-02-14T18:58:52-08:00,0,6
index.html,28,html,00000000,Not Committed Yet,2025-02-14,18:58:52,-08:00,2025-02-14T18:58:52-08:00,0,6
global.js,1,js,00000000,Not Committed Yet,2025-02-14,18:58:52,-08:00,2025-02-14T18:58:52-08:00,0,26
global.js,2,js,501bad7f,Katelyn Zhao,2025-01-23,00:18:07,-08:00,2025-01-23T00:18:07-08:00,0,0
global.js,3,js,501bad7f,Katelyn Zhao,2025-01-23,00:18:07,-08:00,2025-01-23T00:18:07-08:00,0,42
global.js,4,js,501bad7f,Katelyn Zhao,2025-01-23,00:18:07,-08:00,2025-01-23T00:18:07-08:00,0,53
global.js,5,js,1b4ed891,Katelyn Zhao,2025-01-23,22:37:19,-08:00,2025-01-23T22:37:19-08:00,0,0
global.js,6,js,1b4ed891,Katelyn Zhao,2025-01-23,22:37:19,-08:00,2025-01-23T22:37:19-08:00,0,0
global.js,7,js,1b4ed891,Katelyn Zhao,2025-01-23,22:37:19,-08:00,2025-01-23T22:37:19-08:00,0,12
global.js,8,js,00000000,Not Committed Yet,2025-02-14,18:58:52,-08:00,2025-02-14T18:58:52-08:00,0,27
global.js,9,js,00000000,Not Committed Yet,2025-02-14,18:58:52,-08:00,2025-02-14T18:58:52-08:00,0,39
global.js,10,js,00000000,Not Committed Yet,2025-02-14,18:58:52,-08:00,2025-02-14T18:58:52-08:00,0,41
global.js,11,js,00000000,Not Committed Yet,2025-02-14,18:58:52,-08:00,2025-02-14T18:58:52-08:00,0,37
global.js,12,js,00000000,Not Committed Yet,2025-02-14,18:58:52,-08:00,2025-02-14T18:58:52-08:00,0,31
global.js,13,js,00000000,Not Committed Yet,2025-02-14,18:58:52,-08:00,2025-02-14T18:58:52-08:00,0,59
global.js,14,js,00000000,Not Committed Yet,2025-02-14,18:58:52,-08:00,2025-02-14T18:58:52-08:00,0,1
global.js,15,js,00000000,Not Committed Yet,2025-02-14,18:58:52,-08:00,2025-02-14T18:58:52-08:00,0,0
global.js,16,js,00000000,Not Committed Yet,2025-02-14,18:58:52,-08:00,2025-02-14T18:58:52-08:00,0,39
global.js,17,js,1b4ed891,Katelyn Zhao,2025-01-23,22:37:19,-08:00,2025-01-23T22:37:19-08:00,0,26
global.js,18,js,1b4ed891,Katelyn Zhao,2025-01-23,22:37:19,-08:00,2025-01-23T22:37:19-08:00,0,0
global.js,19,js,00000000,Not Committed Yet,2025-02-14,18:58:52,-08:00,2025-02-14T18:58:52-08:00,0,71
global.js,20,js,286e136b,Katelyn Zhao,2025-01-24,00:27:46,-08:00,2025-01-24T00:27:46-08:00,0,0
global.js,21,js,1b4ed891,Katelyn Zhao,2025-01-23,22:37:19,-08:00,2025-01-23T22:37:19-08:00,0,21
global.js,22,js,00000000,Not Committed Yet,2025-02-14,18:58:52,-08:00,2025-02-14T18:58:52-08:00,0,15
global.js,23,js,00000000,Not Committed Yet,2025-02-14,18:58:52,-08:00,2025-02-14T18:58:52-08:00,0,19
global.js,24,js,00000000,Not Committed Yet,2025-02-14,18:58:52,-08:00,2025-02-14T18:58:52-08:00,0,65
global.js,25,js,00000000,Not Committed Yet,2025-02-14,18:58:52,-08:00,2025-02-14T18:58:52-08:00,0,35
global.js,26,js,00000000,Not Committed Yet,2025-02-14,18:58:52,-08:00,2025-02-14T18:58:52-08:00,0,12
global.js,27,js,00000000,Not Committed Yet,2025-02-14,18:58:52,-08:00,2025-02-14T18:58:52-08:00,0,21
global.js,28,js,00000000,Not Committed Yet,2025-02-14,18:58:52,-08:00,2025-02-14T18:58:52-08:00,0,13
global.js,29,js,00000000,Not Committed Yet,2025-02-14,18:58:52,-08:00,2025-02-14T18:58:52-08:00,0,65
global.js,30,js,00000000,Not Committed Yet,2025-02-14,18:58:52,-08:00,2025-02-14T18:58:52-08:00,0,26
global.js,31,js,00000000,Not Committed Yet,2025-02-14,18:58:52,-08:00,2025-02-14T18:58:52-08:00,0,0
global.js,32,js,00000000,Not Committed Yet,2025-02-14,18:58:52,-08:00,2025-02-14T18:58:52-08:00,0,30
global.js,33,js,00000000,Not Committed Yet,2025-02-14,18:58:52,-08:00,2025-02-14T18:58:52-08:00,0,19
global.js,34,js,00000000,Not Committed Yet,2025-02-14,18:58:52,-08:00,2025-02-14T18:58:52-08:00,0,0
global.js,35,js,e7453486,Katelyn Zhao,2025-02-14,01:01:22,-08:00,2025-02-14T01:01:22-08:00,0,0
global.js,36,js,e7453486,Katelyn Zhao,2025-02-14,01:01:22,-08:00,2025-02-14T01:01:22-08:00,0,0
global.js,37,js,e7453486,Katelyn Zhao,2025-02-14,01:01:22,-08:00,2025-02-14T01:01:22-08:00,0,15
global.js,38,js,e7453486,Katelyn Zhao,2025-02-14,01:01:22,-08:00,2025-02-14T01:01:22-08:00,0,44
global.js,39,js,e7453486,Katelyn Zhao,2025-02-14,01:01:22,-08:00,2025-02-14T01:01:22-08:00,0,57
global.js,40,js,e7453486,Katelyn Zhao,2025-02-14,01:01:22,-08:00,2025-02-14T01:01:22-08:00,0,58
global.js,41,js,e7453486,Katelyn Zhao,2025-02-14,01:01:22,-08:00,2025-02-14T01:01:22-08:00,0,53
global.js,42,js,e7453486,Katelyn Zhao,2025-02-14,01:01:22,-08:00,2025-02-14T01:01:22-08:00,0,47
global.js,43,js,e7453486,Katelyn Zhao,2025-02-14,01:01:22,-08:00,2025-02-14T01:01:22-08:00,0,63
global.js,44,js,e7453486,Katelyn Zhao,2025-02-14,01:01:22,-08:00,2025-02-14T01:01:22-08:00,0,6
global.js,45,js,e7453486,Katelyn Zhao,2025-02-14,01:01:22,-08:00,2025-02-14T01:01:22-08:00,0,0
global.js,46,js,e7453486,Katelyn Zhao,2025-02-14,01:01:22,-08:00,2025-02-14T01:01:22-08:00,0,42
global.js,47,js,e7453486,Katelyn Zhao,2025-02-14,01:01:22,-08:00,2025-02-14T01:01:22-08:00,0,29
global.js,48,js,e7453486,Katelyn Zhao,2025-02-14,01:01:22,-08:00,2025-02-14T01:01:22-08:00,0,0
global.js,49,js,e7453486,Katelyn Zhao,2025-02-14,01:01:22,-08:00,2025-02-14T01:01:22-08:00,0,74
global.js,50,js,e7453486,Katelyn Zhao,2025-02-14,01:01:22,-08:00,2025-02-14T01:01:22-08:00,0,0
global.js,51,js,e7453486,Katelyn Zhao,2025-02-14,01:01:22,-08:00,2025-02-14T01:01:22-08:00,0,24
global.js,52,js,e7453486,Katelyn Zhao,2025-02-14,01:01:22,-08:00,2025-02-14T01:01:22-08:00,0,22
global.js,53,js,e7453486,Katelyn Zhao,2025-02-14,01:01:22,-08:00,2025-02-14T01:01:22-08:00,0,26
global.js,54,js,e7453486,Katelyn Zhao,2025-02-14,01:01:22,-08:00,2025-02-14T01:01:22-08:00,0,55
global.js,55,js,e7453486,Katelyn Zhao,2025-02-14,01:01:22,-08:00,2025-02-14T01:01:22-08:00,0,31
global.js,56,js,00000000,Not Committed Yet,2025-02-14,18:58:52,-08:00,2025-02-14T18:58:52-08:00,0,11
global.js,57,js,e7453486,Katelyn Zhao,2025-02-14,01:01:22,-08:00,2025-02-14T01:01:22-08:00,0,42
global.js,58,js,e7453486,Katelyn Zhao,2025-02-14,01:01:22,-08:00,2025-02-14T01:01:22-08:00,0,19
global.js,59,js,e7453486,Katelyn Zhao,2025-02-14,01:01:22,-08:00,2025-02-14T01:01:22-08:00,0,28
global.js,60,js,e7453486,Katelyn Zhao,2025-02-14,01:01:22,-08:00,2025-02-14T01:01:22-08:00,0,73
global.js,61,js,e7453486,Katelyn Zhao,2025-02-14,01:01:22,-08:00,2025-02-14T01:01:22-08:00,0,37
global.js,62,js,e7453486,Katelyn Zhao,2025-02-14,01:01:22,-08:00,2025-02-14T01:01:22-08:00,0,9
global.js,63,js,e7453486,Katelyn Zhao,2025-02-14,01:01:22,-08:00,2025-02-14T01:01:22-08:00,0,37
global.js,64,js,e7453486,Katelyn Zhao,2025-02-14,01:01:22,-08:00,2025-02-14T01:01:22-08:00,0,30
global.js,65,js,e7453486,Katelyn Zhao,2025-02-14,01:01:22,-08:00,2025-02-14T01:01:22-08:00,0,9
global.js,66,js,e7453486,Katelyn Zhao,2025-02-14,01:01:22,-08:00,2025-02-14T01:01:22-08:00,0,20
global.js,67,js,e7453486,Katelyn Zhao,2025-02-14,01:01:22,-08:00,2025-02-14T01:01:22-08:00,0,5
global.js,68,js,ef31dd82,Katelyn Zhao,2025-01-24,01:59:10,-08:00,2025-01-24T01:59:10-08:00,0,0
global.js,69,js,ef31dd82,Katelyn Zhao,2025-01-24,01:59:10,-08:00,2025-01-24T01:59:10-08:00,0,32
global.js,70,js,00000000,Not Committed Yet,2025-02-14,18:58:52,-08:00,2025-02-14T18:58:52-08:00,0,12
global.js,71,js,00000000,Not Committed Yet,2025-02-14,18:58:52,-08:00,2025-02-14T18:58:52-08:00,0,0
global.js,72,js,62bd2fd5,Katelyn Zhao,2025-01-31,11:01:51,-08:00,2025-01-31T11:01:51-08:00,0,27
global.js,73,js,ef31dd82,Katelyn Zhao,2025-01-24,01:59:10,-08:00,2025-01-24T01:59:10-08:00,0,5
global.js,74,js,62bd2fd5,Katelyn Zhao,2025-01-31,11:01:51,-08:00,2025-01-31T11:01:51-08:00,0,7
global.js,75,js,62bd2fd5,Katelyn Zhao,2025-01-31,11:01:51,-08:00,2025-01-31T11:01:51-08:00,0,44
global.js,76,js,62bd2fd5,Katelyn Zhao,2025-01-31,11:01:51,-08:00,2025-01-31T11:01:51-08:00,0,35
global.js,77,js,62bd2fd5,Katelyn Zhao,2025-01-31,11:01:51,-08:00,2025-01-31T11:01:51-08:00,0,33
global.js,78,js,ef31dd82,Katelyn Zhao,2025-01-24,01:59:10,-08:00,2025-01-24T01:59:10-08:00,0,8
global.js,79,js,00000000,Not Committed Yet,2025-02-14,18:58:52,-08:00,2025-02-14T18:58:52-08:00,0,9
global.js,80,js,62bd2fd5,Katelyn Zhao,2025-01-31,11:01:51,-08:00,2025-01-31T11:01:51-08:00,0,1
global.js,81,js,ef31dd82,Katelyn Zhao,2025-01-24,01:59:10,-08:00,2025-01-24T01:59:10-08:00,0,0
global.js,82,js,00000000,Not Committed Yet,2025-02-14,18:58:52,-08:00,2025-02-14T18:58:52-08:00,0,61
global.js,83,js,00000000,Not Committed Yet,2025-02-14,18:58:52,-08:00,2025-02-14T18:58:52-08:00,0,55
global.js,84,js,ef31dd82,Katelyn Zhao,2025-01-24,01:59:10,-08:00,2025-01-24T01:59:10-08:00,0,0
global.js,85,js,62bd2fd5,Katelyn Zhao,2025-01-31,11:01:51,-08:00,2025-01-31T11:01:51-08:00,0,17
global.js,86,js,00000000,Not Committed Yet,2025-02-14,18:58:52,-08:00,2025-02-14T18:58:52-08:00,0,71
global.js,87,js,00000000,Not Committed Yet,2025-02-14,18:58:52,-08:00,2025-02-14T18:58:52-08:00,0,26
global.js,88,js,62bd2fd5,Katelyn Zhao,2025-01-31,11:01:51,-08:00,2025-01-31T11:01:51-08:00,0,0
global.js,89,js,4d3fa124,Katelyn Zhao,2025-01-24,02:06:02,-08:00,2025-01-24T02:06:02-08:00,0,0
global.js,90,js,00000000,Not Committed Yet,2025-02-14,18:58:52,-08:00,2025-02-14T18:58:52-08:00,0,50
global.js,91,js,00000000,Not Committed Yet,2025-02-14,18:58:52,-08:00,2025-02-14T18:58:52-08:00,0,42
global.js,92,js,00000000,Not Committed Yet,2025-02-14,18:58:52,-08:00,2025-02-14T18:58:52-08:00,0,14
global.js,93,js,00000000,Not Committed Yet,2025-02-14,18:58:52,-08:00,2025-02-14T18:58:52-08:00,0,18
global.js,94,js,00000000,Not Committed Yet,2025-02-14,18:58:52,-08:00,2025-02-14T18:58:52-08:00,0,1
global.js,95,js,00000000,Not Committed Yet,2025-02-14,18:58:52,-08:00,2025-02-14T18:58:52-08:00,0,45
global.js,96,js,f2cdace6,Katelyn Zhao,2025-01-30,17:29:50,-08:00,2025-01-30T17:29:50-08:00,0,2
global.js,97,js,f2cdace6,Katelyn Zhao,2025-01-30,17:29:50,-08:00,2025-01-30T17:29:50-08:00,0,0
global.js,98,js,f2cdace6,Katelyn Zhao,2025-01-30,17:29:50,-08:00,2025-01-30T17:29:50-08:00,0,37
global.js,99,js,00000000,Not Committed Yet,2025-02-14,18:58:52,-08:00,2025-02-14T18:58:52-08:00,0,4
global.js,100,js,00000000,Not Committed Yet,2025-02-14,18:58:52,-08:00,2025-02-14T18:58:52-08:00,0,33
global.js,101,js,00000000,Not Committed Yet,2025-02-14,18:58:52,-08:00,2025-02-14T18:58:52-08:00,0,18
global.js,102,js,00000000,Not Committed Yet,2025-02-14,18:58:52,-08:00,2025-02-14T18:58:52-08:00,0,67
global.js,103,js,f2cdace6,Katelyn Zhao,2025-01-30,17:29:50,-08:00,2025-01-30T17:29:50-08:00,0,0
global.js,104,js,00000000,Not Committed Yet,2025-02-14,18:58:52,-08:00,2025-02-14T18:58:52-08:00,0,34
global.js,105,js,00000000,Not Committed Yet,2025-02-14,18:58:52,-08:00,2025-02-14T18:58:52-08:00,0,11
global.js,106,js,00000000,Not Committed Yet,2025-02-14,18:58:52,-08:00,2025-02-14T18:58:52-08:00,0,16
global.js,107,js,00000000,Not Committed Yet,2025-02-14,18:58:52,-08:00,2025-02-14T18:58:52-08:00,0,61
global.js,108,js,00000000,Not Committed Yet,2025-02-14,18:58:52,-08:00,2025-02-14T18:58:52-08:00,0,0
global.js,109,js,62bd2fd5,Katelyn Zhao,2025-01-31,11:01:51,-08:00,2025-01-31T11:01:51-08:00,0,0
global.js,110,js,f2cdace6,Katelyn Zhao,2025-01-30,17:29:50,-08:00,2025-01-30T17:29:50-08:00,0,0
global.js,111,js,00000000,Not Committed Yet,2025-02-14,18:58:52,-08:00,2025-02-14T18:58:52-08:00,0,78
global.js,112,js,00000000,Not Committed Yet,2025-02-14,18:58:52,-08:00,2025-02-14T18:58:52-08:00,0,31
global.js,113,js,f2cdace6,Katelyn Zhao,2025-01-30,17:29:50,-08:00,2025-01-30T17:29:50-08:00,0,0
global.js,114,js,00000000,Not Committed Yet,2025-02-14,18:58:52,-08:00,2025-02-14T18:58:52-08:00,0,28
global.js,115,js,00000000,Not Committed Yet,2025-02-14,18:58:52,-08:00,2025-02-14T18:58:52-08:00,0,49
global.js,116,js,00000000,Not Committed Yet,2025-02-14,18:58:52,-08:00,2025-02-14T18:58:52-08:00,0,20
global.js,117,js,62bd2fd5,Katelyn Zhao,2025-01-31,11:01:51,-08:00,2025-01-31T11:01:51-08:00,0,21
global.js,118,js,62bd2fd5,Katelyn Zhao,2025-01-31,11:01:51,-08:00,2025-01-31T11:01:51-08:00,0,20
global.js,119,js,62bd2fd5,Katelyn Zhao,2025-01-31,11:01:51,-08:00,2025-01-31T11:01:51-08:00,0,44
global.js,120,js,62bd2fd5,Katelyn Zhao,2025-01-31,11:01:51,-08:00,2025-01-31T11:01:51-08:00,0,25
global.js,121,js,62bd2fd5,Katelyn Zhao,2025-01-31,11:01:51,-08:00,2025-01-31T11:01:51-08:00,0,1
global.js,122,js,00000000,Not Committed Yet,2025-02-14,18:58:52,-08:00,2025-02-14T18:58:52-08:00,0,37
global.js,123,js,00000000,Not Committed Yet,2025-02-14,18:58:52,-08:00,2025-02-14T18:58:52-08:00,0,0
global.js,124,js,f2cdace6,Katelyn Zhao,2025-01-30,17:29:50,-08:00,2025-01-30T17:29:50-08:00,0,0
global.js,125,js,f2cdace6,Katelyn Zhao,2025-01-30,17:29:50,-08:00,2025-01-30T17:29:50-08:00,0,0
global.js,126,js,62bd2fd5,Katelyn Zhao,2025-01-31,11:01:51,-08:00,2025-01-31T11:01:51-08:00,0,48
global.js,127,js,00000000,Not Committed Yet,2025-02-14,18:58:52,-08:00,2025-02-14T18:58:52-08:00,0,60
global.js,128,js,00000000,Not Committed Yet,2025-02-14,18:58:52,-08:00,2025-02-14T18:58:52-08:00,0,0
projects/projects.js,1,js,00000000,Not Committed Yet,2025-02-14,18:58:52,-08:00,2025-02-14T18:58:52-08:00,0,56
projects/projects.js,2,js,efeb6fb0,Katelyn Zhao,2025-02-07,14:26:01,-08:00,2025-02-07T14:26:01-08:00,0,64
projects/projects.js,3,js,efeb6fb0,Katelyn Zhao,2025-02-07,14:26:01,-08:00,2025-02-07T14:26:01-08:00,0,0
projects/projects.js,4,js,00000000,Not Committed Yet,2025-02-14,18:58:52,-08:00,2025-02-14T18:58:52-08:00,0,56
projects/projects.js,5,js,645bfd0f,Katelyn Zhao,2025-01-30,17:42:48,-08:00,2025-01-30T17:42:48-08:00,0,0
projects/projects.js,6,js,00000000,Not Committed Yet,2025-02-14,18:58:52,-08:00,2025-02-14T18:58:52-08:00,0,61
projects/projects.js,7,js,645bfd0f,Katelyn Zhao,2025-01-30,17:42:48,-08:00,2025-01-30T17:42:48-08:00,0,0
projects/projects.js,8,js,00000000,Not Committed Yet,2025-02-14,18:58:52,-08:00,2025-02-14T18:58:52-08:00,0,49
projects/projects.js,9,js,645bfd0f,Katelyn Zhao,2025-01-30,17:42:48,-08:00,2025-01-30T17:42:48-08:00,0,0
projects/projects.js,10,js,62bd2fd5,Katelyn Zhao,2025-01-31,11:01:51,-08:00,2025-01-31T11:01:51-08:00,0,33
projects/projects.js,11,js,00000000,Not Committed Yet,2025-02-14,18:58:52,-08:00,2025-02-14T18:58:52-08:00,0,55
projects/projects.js,12,js,00000000,Not Committed Yet,2025-02-14,18:58:52,-08:00,2025-02-14T18:58:52-08:00,0,63
projects/projects.js,13,js,00000000,Not Committed Yet,2025-02-14,18:58:52,-08:00,2025-02-14T18:58:52-08:00,0,55
projects/projects.js,14,js,62bd2fd5,Katelyn Zhao,2025-01-31,11:01:51,-08:00,2025-01-31T11:01:51-08:00,0,1
projects/projects.js,15,js,62bd2fd5,Katelyn Zhao,2025-01-31,11:01:51,-08:00,2025-01-31T11:01:51-08:00,0,0
projects/projects.js,16,js,00000000,Not Committed Yet,2025-02-14,18:58:52,-08:00,2025-02-14T18:58:52-08:00,0,65
projects/projects.js,17,js,efeb6fb0,Katelyn Zhao,2025-02-07,14:26:01,-08:00,2025-02-07T14:26:01-08:00,0,20
projects/projects.js,18,js,efeb6fb0,Katelyn Zhao,2025-02-07,14:26:01,-08:00,2025-02-07T14:26:01-08:00,0,0
projects/projects.js,19,js,efeb6fb0,Katelyn Zhao,2025-02-07,14:26:01,-08:00,2025-02-07T14:26:01-08:00,0,39
projects/projects.js,20,js,00000000,Not Committed Yet,2025-02-14,18:58:52,-08:00,2025-02-14T18:58:52-08:00,0,26
projects/projects.js,21,js,00000000,Not Committed Yet,2025-02-14,18:58:52,-08:00,2025-02-14T18:58:52-08:00,0,30
projects/projects.js,22,js,00000000,Not Committed Yet,2025-02-14,18:58:52,-08:00,2025-02-14T18:58:52-08:00,0,13
projects/projects.js,23,js,00000000,Not Committed Yet,2025-02-14,18:58:52,-08:00,2025-02-14T18:58:52-08:00,0,15
projects/projects.js,24,js,00000000,Not Committed Yet,2025-02-14,18:58:52,-08:00,2025-02-14T18:58:52-08:00,0,13
projects/projects.js,25,js,00000000,Not Committed Yet,2025-02-14,18:58:52,-08:00,2025-02-14T18:58:52-08:00,0,1
projects/projects.js,26,js,00000000,Not Committed Yet,2025-02-14,18:58:52,-08:00,2025-02-14T18:58:52-08:00,0,19
projects/projects.js,27,js,00000000,Not Committed Yet,2025-02-14,18:58:52,-08:00,2025-02-14T18:58:52-08:00,0,51
projects/projects.js,28,js,00000000,Not Committed Yet,2025-02-14,18:58:52,-08:00,2025-02-14T18:58:52-08:00,0,36
projects/projects.js,29,js,00000000,Not Committed Yet,2025-02-14,18:58:52,-08:00,2025-02-14T18:58:52-08:00,0,2
projects/projects.js,30,js,00000000,Not Committed Yet,2025-02-14,18:58:52,-08:00,2025-02-14T18:58:52-08:00,0,51
projects/projects.js,31,js,00000000,Not Committed Yet,2025-02-14,18:58:52,-08:00,2025-02-14T18:58:52-08:00,0,54
projects/projects.js,32,js,00000000,Not Committed Yet,2025-02-14,18:58:52,-08:00,2025-02-14T18:58:52-08:00,0,43
projects/projects.js,33,js,00000000,Not Committed Yet,2025-02-14,18:58:52,-08:00,2025-02-14T18:58:52-08:00,0,59
projects/projects.js,34,js,00000000,Not Committed Yet,2025-02-14,18:58:52,-08:00,2025-02-14T18:58:52-08:00,0,29
projects/projects.js,35,js,00000000,Not Committed Yet,2025-02-14,18:58:52,-08:00,2025-02-14T18:58:52-08:00,0,9
projects/projects.js,36,js,00000000,Not Committed Yet,2025-02-14,18:58:52,-08:00,2025-02-14T18:58:52-08:00,0,9
projects/projects.js,37,js,00000000,Not Committed Yet,2025-02-14,18:58:52,-08:00,2025-02-14T18:58:52-08:00,0,9
projects/projects.js,38,js,00000000,Not Committed Yet,2025-02-14,18:58:52,-08:00,2025-02-14T18:58:52-08:00,0,9
projects/projects.js,39,js,00000000,Not Committed Yet,2025-02-14,18:58:52,-08:00,2025-02-14T18:58:52-08:00,0,9
projects/projects.js,40,js,00000000,Not Committed Yet,2025-02-14,18:58:52,-08:00,2025-02-14T18:58:52-08:00,0,2
projects/projects.js,41,js,00000000,Not Committed Yet,2025-02-14,18:58:52,-08:00,2025-02-14T18:58:52-08:00,0,0
projects/projects.js,42,js,00000000,Not Committed Yet,2025-02-14,18:58:52,-08:00,2025-02-14T18:58:52-08:00,0,22
projects/projects.js,43,js,00000000,Not Committed Yet,2025-02-14,18:58:52,-08:00,2025-02-14T18:58:52-08:00,0,0
projects/projects.js,44,js,00000000,Not Committed Yet,2025-02-14,18:58:52,-08:00,2025-02-14T18:58:52-08:00,0,26
projects/projects.js,45,js,00000000,Not Committed Yet,2025-02-14,18:58:52,-08:00,2025-02-14T18:58:52-08:00,0,30
projects/projects.js,46,js,00000000,Not Committed Yet,2025-02-14,18:58:52,-08:00,2025-02-14T18:58:52-08:00,0,33
projects/projects.js,47,js,00000000,Not Committed Yet,2025-02-14,18:58:52,-08:00,2025-02-14T18:58:52-08:00,0,31
projects/projects.js,48,js,00000000,Not Committed Yet,2025-02-14,18:58:52,-08:00,2025-02-14T18:58:52-08:00,0,0
projects/projects.js,49,js,00000000,Not Committed Yet,2025-02-14,18:58:52,-08:00,2025-02-14T18:58:52-08:00,0,68
projects/projects.js,50,js,00000000,Not Committed Yet,2025-02-14,18:58:52,-08:00,2025-02-14T18:58:52-08:00,0,0
projects/projects.js,51,js,00000000,Not Committed Yet,2025-02-14,18:58:52,-08:00,2025-02-14T18:58:52-08:00,0,25
projects/projects.js,52,js,00000000,Not Committed Yet,2025-02-14,18:58:52,-08:00,2025-02-14T18:58:52-08:00,0,2
projects/projects.js,53,js,00000000,Not Committed Yet,2025-02-14,18:58:52,-08:00,2025-02-14T18:58:52-08:00,0,14
projects/projects.js,54,js,00000000,Not Committed Yet,2025-02-14,18:58:52,-08:00,2025-02-14T18:58:52-08:00,0,14
projects/projects.js,55,js,00000000,Not Committed Yet,2025-02-14,18:58:52,-08:00,2025-02-14T18:58:52-08:00,0,23
projects/projects.js,56,js,00000000,Not Committed Yet,2025-02-14,18:58:52,-08:00,2025-02-14T18:58:52-08:00,0,19
projects/projects.js,57,js,00000000,Not Committed Yet,2025-02-14,18:58:52,-08:00,2025-02-14T18:58:52-08:00,0,44
projects/projects.js,58,js,00000000,Not Committed Yet,2025-02-14,18:58:52,-08:00,2025-02-14T18:58:52-08:00,0,45
projects/projects.js,59,js,00000000,Not Committed Yet,2025-02-14,18:58:52,-08:00,2025-02-14T18:58:52-08:00,0,0
projects/projects.js,60,js,efeb6fb0,Katelyn Zhao,2025-02-07,14:26:01,-08:00,2025-02-07T14:26:01-08:00,0,2
projects/projects.js,61,js,00000000,Not Committed Yet,2025-02-14,18:58:52,-08:00,2025-02-14T18:58:52-08:00,0,17
projects/projects.js,62,js,00000000,Not Committed Yet,2025-02-14,18:58:52,-08:00,2025-02-14T18:58:52-08:00,0,69
projects/projects.js,63,js,00000000,Not Committed Yet,2025-02-14,18:58:52,-08:00,2025-02-14T18:58:52-08:00,0,0
projects/projects.js,64,js,00000000,Not Committed Yet,2025-02-14,18:58:52,-08:00,2025-02-14T18:58:52-08:00,0,5
projects/projects.js,65,js,00000000,Not Committed Yet,2025-02-14,18:58:52,-08:00,2025-02-14T18:58:52-08:00,0,15
projects/projects.js,66,js,00000000,Not Committed Yet,2025-02-14,18:58:52,-08:00,2025-02-14T18:58:52-08:00,0,69
projects/projects.js,67,js,00000000,Not Committed Yet,2025-02-14,18:58:52,-08:00,2025-02-14T18:58:52-08:00,0,0
projects/projects.js,68,js,00000000,Not Committed Yet,2025-02-14,18:58:52,-08:00,2025-02-14T18:58:52-08:00,0,26
projects/projects.js,69,js,00000000,Not Committed Yet,2025-02-14,18:58:52,-08:00,2025-02-14T18:58:52-08:00,0,49
projects/projects.js,70,js,00000000,Not Committed Yet,2025-02-14,18:58:52,-08:00,2025-02-14T18:58:52-08:00,0,7
projects/projects.js,71,js,00000000,Not Committed Yet,2025-02-14,18:58:52,-08:00,2025-02-14T18:58:52-08:00,0,47
projects/projects.js,72,js,00000000,Not Committed Yet,2025-02-14,18:58:52,-08:00,2025-02-14T18:58:52-08:00,0,38
projects/projects.js,73,js,00000000,Not Committed Yet,2025-02-14,18:58:52,-08:00,2025-02-14T18:58:52-08:00,0,42
projects/projects.js,74,js,00000000,Not Committed Yet,2025-02-14,18:58:52,-08:00,2025-02-14T18:58:52-08:00,0,1
projects/projects.js,75,js,00000000,Not Committed Yet,2025-02-14,18:58:52,-08:00,2025-02-14T18:58:52-08:00,0,57
projects/projects.js,76,js,00000000,Not Committed Yet,2025-02-14,18:58:52,-08:00,2025-02-14T18:58:52-08:00,0,0
projects/projects.js,77,js,efeb6fb0,Katelyn Zhao,2025-02-07,14:26:01,-08:00,2025-02-07T14:26:01-08:00,0,2
projects/projects.js,78,js,00000000,Not Committed Yet,2025-02-14,18:58:52,-08:00,2025-02-14T18:58:52-08:00,0,2
projects/projects.js,79,js,00000000,Not Committed Yet,2025-02-14,18:58:52,-08:00,2025-02-14T18:58:52-08:00,0,0
projects/projects.js,80,js,00000000,Not Committed Yet,2025-02-14,18:58:52,-08:00,2025-02-14T18:58:52-08:00,0,28
projects/projects.js,81,js,00000000,Not Committed Yet,2025-02-14,18:58:52,-08:00,2025-02-14T18:58:52-08:00,0,5
projects/projects.js,82,js,00000000,Not Committed Yet,2025-02-14,18:58:52,-08:00,2025-02-14T18:58:52-08:00,0,12
projects/projects.js,83,js,00000000,Not Committed Yet,2025-02-14,18:58:52,-08:00,2025-02-14T18:58:52-08:00,0,39
projects/projects.js,84,js,00000000,Not Committed Yet,2025-02-14,18:58:52,-08:00,2025-02-14T18:58:52-08:00,0,70
projects/projects.js,85,js,00000000,Not Committed Yet,2025-02-14,18:58:52,-08:00,2025-02-14T18:58:52-08:00,0,2
projects/projects.js,86,js,00000000,Not Committed Yet,2025-02-14,18:58:52,-08:00,2025-02-14T18:58:52-08:00,0,0
projects/projects.js,87,js,00000000,Not Committed Yet,2025-02-14,18:58:52,-08:00,2025-02-14T18:58:52-08:00,0,0
projects/projects.js,88,js,00000000,Not Committed Yet,2025-02-14,18:58:52,-08:00,2025-02-14T18:58:52-08:00,0,24
projects/projects.js,89,js,00000000,Not Committed Yet,2025-02-14,18:58:52,-08:00,2025-02-14T18:58:52-08:00,0,0
projects/projects.js,90,js,00000000,Not Committed Yet,2025-02-14,18:58:52,-08:00,2025-02-14T18:58:52-08:00,0,14
projects/projects.js,91,js,00000000,Not Committed Yet,2025-02-14,18:58:52,-08:00,2025-02-14T18:58:52-08:00,0,54
projects/projects.js,92,js,00000000,Not Committed Yet,2025-02-14,18:58:52,-08:00,2025-02-14T18:58:52-08:00,0,49
projects/projects.js,93,js,00000000,Not Committed Yet,2025-02-14,18:58:52,-08:00,2025-02-14T18:58:52-08:00,0,26
projects/projects.js,94,js,00000000,Not Committed Yet,2025-02-14,18:58:52,-08:00,2025-02-14T18:58:52-08:00,0,52
projects/projects.js,95,js,00000000,Not Committed Yet,2025-02-14,18:58:52,-08:00,2025-02-14T18:58:52-08:00,0,60
projects/projects.js,96,js,00000000,Not Committed Yet,2025-02-14,18:58:52,-08:00,2025-02-14T18:58:52-08:00,0,43
projects/projects.js,97,js,00000000,Not Committed Yet,2025-02-14,18:58:52,-08:00,2025-02-14T18:58:52-08:00,0,2
projects/projects.js,98,js,00000000,Not Committed Yet,2025-02-14,18:58:52,-08:00,2025-02-14T18:58:52-08:00,0,57
projects/projects.js,99,js,00000000,Not Committed Yet,2025-02-14,18:58:52,-08:00,2025-02-14T18:58:52-08:00,0,32
projects/projects.js,100,js,00000000,Not Committed Yet,2025-02-14,18:58:52,-08:00,2025-02-14T18:58:52-08:00,0,2
projects/index.html,1,html,00000000,Not Committed Yet,2025-02-14,18:58:52,-08:00,2025-02-14T18:58:52-08:00,0,14
projects/index.html,2,html,62bd2fd5,Katelyn Zhao,2025-01-31,11:01:51,-08:00,2025-01-31T11:01:51-08:00,0,15
projects/index.html,3,html,00000000,Not Committed Yet,2025-02-14,18:58:52,-08:00,2025-02-14T18:58:52-08:00,0,5
projects/index.html,4,html,00000000,Not Committed Yet,2025-02-14,18:58:52,-08:00,2025-02-14T18:58:52-08:00,0,23
projects/index.html,5,html,00000000,Not Committed Yet,2025-02-14,18:58:52,-08:00,2025-02-14T18:58:52-08:00,0,71
projects/index.html,6,html,ac4daefe,Katelyn Zhao,2025-01-09,11:53:38,-08:00,2025-01-09T11:53:38-08:00,0,22
projects/index.html,7,html,00000000,Not Committed Yet,2025-02-14,18:58:52,-08:00,2025-02-14T18:58:52-08:00,0,44
projects/index.html,8,html,62bd2fd5,Katelyn Zhao,2025-01-31,11:01:51,-08:00,2025-01-31T11:01:51-08:00,0,49
projects/index.html,9,html,2b90ab09,Katelyn Zhao,2025-01-30,18:06:02,-08:00,2025-01-30T18:06:02-08:00,0,48
projects/index.html,10,html,00000000,Not Committed Yet,2025-02-14,18:58:52,-08:00,2025-02-14T18:58:52-08:00,0,6
projects/index.html,11,html,00000000,Not Committed Yet,2025-02-14,18:58:52,-08:00,2025-02-14T18:58:52-08:00,0,5
projects/index.html,12,html,62bd2fd5,Katelyn Zhao,2025-01-31,11:01:51,-08:00,2025-01-31T11:01:51-08:00,0,39
projects/index.html,13,html,efeb6fb0,Katelyn Zhao,2025-02-07,14:26:01,-08:00,2025-02-07T14:26:01-08:00,0,22
projects/index.html,14,html,00000000,Not Committed Yet,2025-02-14,18:58:52,-08:00,2025-02-14T18:58:52-08:00,0,55
projects/index.html,15,html,00000000,Not Committed Yet,2025-02-14,18:58:52,-08:00,2025-02-14T18:58:52-08:00,0,23
projects/index.html,16,html,b498c809,Katelyn Zhao,2025-01-30,17:48:37,-08:00,2025-01-30T17:48:37-08:00,0,5
projects/index.html,17,html,00000000,Not Committed Yet,2025-02-14,18:58:52,-08:00,2025-02-14T18:58:52-08:00,0,5
projects/index.html,18,html,00000000,Not Committed Yet,2025-02-14,18:58:52,-08:00,2025-02-14T18:58:52-08:00,0,16
projects/index.html,19,html,00000000,Not Committed Yet,2025-02-14,18:58:52,-08:00,2025-02-14T18:58:52-08:00,0,12
projects/index.html,20,html,00000000,Not Committed Yet,2025-02-14,18:58:52,-08:00,2025-02-14T18:58:52-08:00,0,27
projects/index.html,21,html,00000000,Not Committed Yet,2025-02-14,18:58:52,-08:00,2025-02-14T18:58:52-08:00,0,32
projects/index.html,22,html,00000000,Not Committed Yet,2025-02-14,18:58:52,-08:00,2025-02-14T18:58:52-08:00,0,1
projects/index.html,23,html,00000000,Not Committed Yet,2025-02-14,18:58:52,-08:00,2025-02-14T18:58:52-08:00,0,27
projects/index.html,24,html,00000000,Not Committed Yet,2025-02-14,18:58:52,-08:00,2025-02-14T18:58:52-08:00,0,6
projects/index.html,25,html,efeb6fb0,Katelyn Zhao,2025-02-07,14:26:01,-08:00,2025-02-07T14:26:01-08:00,0,6
meta/index.html,1,html,00000000,Not Committed Yet,2025-02-14,18:58:53,-08:00,2025-02-14T18:58:53-08:00,0,14
meta/index.html,2,html,e7453486,Katelyn Zhao,2025-02-14,01:01:22,-08:00,2025-02-14T01:01:22-08:00,0,15
meta/index.html,3,html,00000000,Not Committed Yet,2025-02-14,18:58:53,-08:00,2025-02-14T18:58:53-08:00,0,5
meta/index.html,4,html,00000000,Not Committed Yet,2025-02-14,18:58:53,-08:00,2025-02-14T18:58:53-08:00,0,23
meta/index.html,5,html,00000000,Not Committed Yet,2025-02-14,18:58:53,-08:00,2025-02-14T18:58:53-08:00,0,71
meta/index.html,6,html,e7453486,Katelyn Zhao,2025-02-14,01:01:22,-08:00,2025-02-14T01:01:22-08:00,0,18
meta/index.html,7,html,00000000,Not Committed Yet,2025-02-14,18:58:53,-08:00,2025-02-14T18:58:53-08:00,0,44
meta/index.html,8,html,a8482443,Katelyn Zhao,2025-02-14,01:06:59,-08:00,2025-02-14T01:06:59-08:00,0,49
meta/index.html,9,html,00000000,Not Committed Yet,2025-02-14,18:58:53,-08:00,2025-02-14T18:58:53-08:00,0,52
meta/index.html,10,html,00000000,Not Committed Yet,2025-02-14,18:58:53,-08:00,2025-02-14T18:58:53-08:00,0,44
meta/index.html,11,html,00000000,Not Committed Yet,2025-02-14,18:58:53,-08:00,2025-02-14T18:58:53-08:00,0,6
meta/index.html,12,html,00000000,Not Committed Yet,2025-02-14,18:58:53,-08:00,2025-02-14T18:58:53-08:00,0,5
meta/index.html,13,html,e7453486,Katelyn Zhao,2025-02-14,01:01:22,-08:00,2025-02-14T01:01:22-08:00,0,12
meta/index.html,14,html,00000000,Not Committed Yet,2025-02-14,18:58:53,-08:00,2025-02-14T18:58:53-08:00,0,21
meta/index.html,15,html,00000000,Not Committed Yet,2025-02-14,18:58:53,-08:00,2025-02-14T18:58:53-08:00,0,30
meta/index.html,16,html,00000000,Not Committed Yet,2025-02-14,18:58:53,-08:00,2025-02-14T18:58:53-08:00,0,21
meta/index.html,17,html,00000000,Not Committed Yet,2025-02-14,18:58:53,-08:00,2025-02-14T18:58:53-08:00,0,44
meta/index.html,18,html,00000000,Not Committed Yet,2025-02-14,18:58:53,-08:00,2025-02-14T18:58:53-08:00,0,14
meta/index.html,19,html,00000000,Not Committed Yet,2025-02-14,18:58:53,-08:00,2025-02-14T18:58:53-08:00,0,3
meta/index.html,20,html,00000000,Not Committed Yet,2025-02-14,18:58:53,-08:00,2025-02-14T18:58:53-08:00,0,47
meta/index.html,21,html,00000000,Not Committed Yet,2025-02-14,18:58:53,-08:00,2025-02-14T18:58:53-08:00,0,4
meta/index.html,22,html,00000000,Not Committed Yet,2025-02-14,18:58:53,-08:00,2025-02-14T18:58:53-08:00,0,0
meta/index.html,23,html,00000000,Not Committed Yet,2025-02-14,18:58:53,-08:00,2025-02-14T18:58:53-08:00,0,12
meta/index.html,24,html,00000000,Not Committed Yet,2025-02-14,18:58:53,-08:00,2025-02-14T18:58:53-08:00,0,25
meta/index.html,25,html,00000000,Not Committed Yet,2025-02-14,18:58:53,-08:00,2025-02-14T18:58:53-08:00,0,0
meta/index.html,26,html,00000000,Not Committed Yet,2025-02-14,18:58:53,-08:00,2025-02-14T18:58:53-08:00,0,12
meta/index.html,27,html,00000000,Not Committed Yet,2025-02-14,18:58:53,-08:00,2025-02-14T18:58:53-08:00,0,25
meta/index.html,28,html,00000000,Not Committed Yet,2025-02-14,18:58:53,-08:00,2025-02-14T18:58:53-08:00,0,0
meta/index.html,29,html,00000000,Not Committed Yet,2025-02-14,18:58:53,-08:00,2025-02-14T18:58:53-08:00,0,14
meta/index.html,30,html,00000000,Not Committed Yet,2025-02-14,18:58:53,-08:00,2025-02-14T18:58:53-08:00,0,27
meta/index.html,31,html,00000000,Not Committed Yet,2025-02-14,18:58:53,-08:00,2025-02-14T18:58:53-08:00,0,0
meta/index.html,32,html,00000000,Not Committed Yet,2025-02-14,18:58:53,-08:00,2025-02-14T18:58:53-08:00,0,20
meta/index.html,33,html,00000000,Not Committed Yet,2025-02-14,18:58:53,-08:00,2025-02-14T18:58:53-08:00,0,26
meta/index.html,34,html,00000000,Not Committed Yet,2025-02-14,18:58:53,-08:00,2025-02-14T18:58:53-08:00,0,4
meta/index.html,35,html,00000000,Not Committed Yet,2025-02-14,18:58:53,-08:00,2025-02-14T18:58:53-08:00,0,6
meta/index.html,36,html,00000000,Not Committed Yet,2025-02-14,18:58:53,-08:00,2025-02-14T18:58:53-08:00,0,6
cv-resume/index.html,1,html,00000000,Not Committed Yet,2025-02-14,18:58:53,-08:00,2025-02-14T18:58:53-08:00,0,14
cv-resume/index.html,2,html,62bd2fd5,Katelyn Zhao,2025-01-31,11:01:51,-08:00,2025-01-31T11:01:51-08:00,0,15
cv-resume/index.html,3,html,00000000,Not Committed Yet,2025-02-14,18:58:53,-08:00,2025-02-14T18:58:53-08:00,0,5
cv-resume/index.html,4,html,00000000,Not Committed Yet,2025-02-14,18:58:53,-08:00,2025-02-14T18:58:53-08:00,0,23
cv-resume/index.html,5,html,00000000,Not Committed Yet,2025-02-14,18:58:53,-08:00,2025-02-14T18:58:53-08:00,0,71
cv-resume/index.html,6,html,d3400f8f,Katelyn Zhao,2025-01-09,12:43:54,-08:00,2025-01-09T12:43:54-08:00,0,23
cv-resume/index.html,7,html,00000000,Not Committed Yet,2025-02-14,18:58:53,-08:00,2025-02-14T18:58:53-08:00,0,44
cv-resume/index.html,8,html,62bd2fd5,Katelyn Zhao,2025-01-31,11:01:51,-08:00,2025-01-31T11:01:51-08:00,0,49
cv-resume/index.html,9,html,00000000,Not Committed Yet,2025-02-14,18:58:53,-08:00,2025-02-14T18:58:53-08:00,0,6
cv-resume/index.html,10,html,00000000,Not Committed Yet,2025-02-14,18:58:53,-08:00,2025-02-14T18:58:53-08:00,0,23
cv-resume/index.html,11,html,74a9ebdb,Katelyn Zhao,2025-01-09,22:08:02,-08:00,2025-01-09T22:08:02-08:00,0,7
cv-resume/index.html,12,html,00000000,Not Committed Yet,2025-02-14,18:58:53,-08:00,2025-02-14T18:58:53-08:00,0,20
cv-resume/index.html,13,html,74a9ebdb,Katelyn Zhao,2025-01-09,22:08:02,-08:00,2025-01-09T22:08:02-08:00,0,8
cv-resume/index.html,14,html,c9e8894d,Katelyn Zhao,2025-01-10,17:11:41,-08:00,2025-01-10T17:11:41-08:00,0,8
cv-resume/index.html,15,html,00000000,Not Committed Yet,2025-02-14,18:58:53,-08:00,2025-02-14T18:58:53-08:00,0,7
cv-resume/index.html,16,html,00000000,Not Committed Yet,2025-02-14,18:58:53,-08:00,2025-02-14T18:58:53-08:00,0,17
cv-resume/index.html,17,html,00000000,Not Committed Yet,2025-02-14,18:58:53,-08:00,2025-02-14T18:58:53-08:00,0,8
cv-resume/index.html,18,html,00000000,Not Committed Yet,2025-02-14,18:58:53,-08:00,2025-02-14T18:58:53-08:00,0,48
cv-resume/index.html,19,html,00000000,Not Committed Yet,2025-02-14,18:58:53,-08:00,2025-02-14T18:58:53-08:00,0,2
cv-resume/index.html,20,html,00000000,Not Committed Yet,2025-02-14,18:58:53,-08:00,2025-02-14T18:58:53-08:00,0,68
cv-resume/index.html,21,html,00000000,Not Committed Yet,2025-02-14,18:58:53,-08:00,2025-02-14T18:58:53-08:00,0,3
cv-resume/index.html,22,html,00000000,Not Committed Yet,2025-02-14,18:58:53,-08:00,2025-02-14T18:58:53-08:00,0,3
cv-resume/index.html,23,html,00000000,Not Committed Yet,2025-02-14,18:58:53,-08:00,2025-02-14T18:58:53-08:00,0,44
cv-resume/index.html,24,html,00000000,Not Committed Yet,2025-02-14,18:58:53,-08:00,2025-02-14T18:58:53-08:00,0,3
cv-resume/index.html,25,html,00000000,Not Committed Yet,2025-02-14,18:58:53,-08:00,2025-02-14T18:58:53-08:00,0,68
cv-resume/index.html,26,html,00000000,Not Committed Yet,2025-02-14,18:58:53,-08:00,2025-02-14T18:58:53-08:00,0,59
cv-resume/index.html,27,html,00000000,Not Committed Yet,2025-02-14,18:58:53,-08:00,2025-02-14T18:58:53-08:00,0,40
cv-resume/index.html,28,html,00000000,Not Committed Yet,2025-02-14,18:58:53,-08:00,2025-02-14T18:58:53-08:00,0,4
cv-resume/index.html,29,html,00000000,Not Committed Yet,2025-02-14,18:58:53,-08:00,2025-02-14T18:58:53-08:00,0,4
cv-resume/index.html,30,html,c9e8894d,Katelyn Zhao,2025-01-10,17:11:41,-08:00,2025-01-10T17:11:41-08:00,0,9
cv-resume/index.html,31,html,c9e8894d,Katelyn Zhao,2025-01-10,17:11:41,-08:00,2025-01-10T17:11:41-08:00,0,0
cv-resume/index.html,32,html,c9e8894d,Katelyn Zhao,2025-01-10,17:11:41,-08:00,2025-01-10T17:11:41-08:00,0,8
cv-resume/index.html,33,html,00000000,Not Committed Yet,2025-02-14,18:58:53,-08:00,2025-02-14T18:58:53-08:00,0,7
cv-resume/index.html,34,html,00000000,Not Committed Yet,2025-02-14,18:58:53,-08:00,2025-02-14T18:58:53-08:00,0,16
cv-resume/index.html,35,html,00000000,Not Committed Yet,2025-02-14,18:58:53,-08:00,2025-02-14T18:58:53-08:00,0,8
cv-resume/index.html,36,html,00000000,Not Committed Yet,2025-02-14,18:58:53,-08:00,2025-02-14T18:58:53-08:00,0,62
cv-resume/index.html,37,html,00000000,Not Committed Yet,2025-02-14,18:58:53,-08:00,2025-02-14T18:58:53-08:00,0,3
cv-resume/index.html,38,html,00000000,Not Committed Yet,2025-02-14,18:58:53,-08:00,2025-02-14T18:58:53-08:00,0,3
cv-resume/index.html,39,html,00000000,Not Committed Yet,2025-02-14,18:58:53,-08:00,2025-02-14T18:58:53-08:00,0,68
cv-resume/index.html,40,html,00000000,Not Committed Yet,2025-02-14,18:58:53,-08:00,2025-02-14T18:58:53-08:00,0,69
cv-resume/index.html,41,html,00000000,Not Committed Yet,2025-02-14,18:58:53,-08:00,2025-02-14T18:58:53-08:00,0,15
cv-resume/index.html,42,html,00000000,Not Committed Yet,2025-02-14,18:58:53,-08:00,2025-02-14T18:58:53-08:00,0,4
cv-resume/index.html,43,html,00000000,Not Committed Yet,2025-02-14,18:58:53,-08:00,2025-02-14T18:58:53-08:00,0,3
cv-resume/index.html,44,html,00000000,Not Committed Yet,2025-02-14,18:58:53,-08:00,2025-02-14T18:58:53-08:00,0,65
cv-resume/index.html,45,html,00000000,Not Committed Yet,2025-02-14,18:58:53,-08:00,2025-02-14T18:58:53-08:00,0,68
cv-resume/index.html,46,html,00000000,Not Committed Yet,2025-02-14,18:58:53,-08:00,2025-02-14T18:58:53-08:00,0,6
cv-resume/index.html,47,html,00000000,Not Committed Yet,2025-02-14,18:58:53,-08:00,2025-02-14T18:58:53-08:00,0,4
cv-resume/index.html,48,html,00000000,Not Committed Yet,2025-02-14,18:58:53,-08:00,2025-02-14T18:58:53-08:00,0,3
cv-resume/index.html,49,html,00000000,Not Committed Yet,2025-02-14,18:58:53,-08:00,2025-02-14T18:58:53-08:00,0,64
cv-resume/index.html,50,html,00000000,Not Committed Yet,2025-02-14,18:58:53,-08:00,2025-02-14T18:58:53-08:00,0,66
cv-resume/index.html,51,html,00000000,Not Committed Yet,2025-02-14,18:58:53,-08:00,2025-02-14T18:58:53-08:00,0,45
cv-resume/index.html,52,html,00000000,Not Committed Yet,2025-02-14,18:58:53,-08:00,2025-02-14T18:58:53-08:00,0,4
cv-resume/index.html,53,html,00000000,Not Committed Yet,2025-02-14,18:58:53,-08:00,2025-02-14T18:58:53-08:00,0,4
cv-resume/index.html,54,html,00000000,Not Committed Yet,2025-02-14,18:58:53,-08:00,2025-02-14T18:58:53-08:00,0,2
cv-resume/index.html,55,html,00000000,Not Committed Yet,2025-02-14,18:58:53,-08:00,2025-02-14T18:58:53-08:00,0,61
cv-resume/index.html,56,html,00000000,Not Committed Yet,2025-02-14,18:58:53,-08:00,2025-02-14T18:58:53-08:00,0,21
cv-resume/index.html,57,html,00000000,Not Committed Yet,2025-02-14,18:58:53,-08:00,2025-02-14T18:58:53-08:00,0,3
cv-resume/index.html,58,html,00000000,Not Committed Yet,2025-02-14,18:58:53,-08:00,2025-02-14T18:58:53-08:00,0,3
cv-resume/index.html,59,html,00000000,Not Committed Yet,2025-02-14,18:58:53,-08:00,2025-02-14T18:58:53-08:00,0,3
cv-resume/index.html,60,html,00000000,Not Committed Yet,2025-02-14,18:58:53,-08:00,2025-02-14T18:58:53-08:00,0,67
cv-resume/index.html,61,html,00000000,Not Committed Yet,2025-02-14,18:58:53,-08:00,2025-02-14T18:58:53-08:00,0,63
cv-resume/index.html,62,html,00000000,Not Committed Yet,2025-02-14,18:58:53,-08:00,2025-02-14T18:58:53-08:00,0,31
cv-resume/index.html,63,html,00000000,Not Committed Yet,2025-02-14,18:58:53,-08:00,2025-02-14T18:58:53-08:00,0,4
cv-resume/index.html,64,html,00000000,Not Committed Yet,2025-02-14,18:58:53,-08:00,2025-02-14T18:58:53-08:00,0,3
cv-resume/index.html,65,html,00000000,Not Committed Yet,2025-02-14,18:58:53,-08:00,2025-02-14T18:58:53-08:00,0,64
cv-resume/index.html,66,html,00000000,Not Committed Yet,2025-02-14,18:58:53,-08:00,2025-02-14T18:58:53-08:00,0,61
cv-resume/index.html,67,html,00000000,Not Committed Yet,2025-02-14,18:58:53,-08:00,2025-02-14T18:58:53-08:00,0,66
cv-resume/index.html,68,html,00000000,Not Committed Yet,2025-02-14,18:58:53,-08:00,2025-02-14T18:58:53-08:00,0,16
cv-resume/index.html,69,html,00000000,Not Committed Yet,2025-02-14,18:58:53,-08:00,2025-02-14T18:58:53-08:00,0,4
cv-resume/index.html,70,html,00000000,Not Committed Yet,2025-02-14,18:58:53,-08:00,2025-02-14T18:58:53-08:00,0,3
cv-resume/index.html,71,html,00000000,Not Committed Yet,2025-02-14,18:58:53,-08:00,2025-02-14T18:58:53-08:00,0,65
cv-resume/index.html,72,html,00000000,Not Committed Yet,2025-02-14,18:58:53,-08:00,2025-02-14T18:58:53-08:00,0,69
cv-resume/index.html,73,html,00000000,Not Committed Yet,2025-02-14,18:58:53,-08:00,2025-02-14T18:58:53-08:00,0,59
cv-resume/index.html,74,html,00000000,Not Committed Yet,2025-02-14,18:58:53,-08:00,2025-02-14T18:58:53-08:00,0,13
cv-resume/index.html,75,html,00000000,Not Committed Yet,2025-02-14,18:58:53,-08:00,2025-02-14T18:58:53-08:00,0,4
cv-resume/index.html,76,html,00000000,Not Committed Yet,2025-02-14,18:58:53,-08:00,2025-02-14T18:58:53-08:00,0,4
cv-resume/index.html,77,html,00000000,Not Committed Yet,2025-02-14,18:58:53,-08:00,2025-02-14T18:58:53-08:00,0,2
cv-resume/index.html,78,html,00000000,Not Committed Yet,2025-02-14,18:58:53,-08:00,2025-02-14T18:58:53-08:00,0,1
cv-resume/index.html,79,html,00000000,Not Committed Yet,2025-02-14,18:58:53,-08:00,2025-02-14T18:58:53-08:00,0,57
cv-resume/index.html,80,html,00000000,Not Committed Yet,2025-02-14,18:58:53,-08:00,2025-02-14T18:58:53-08:00,0,22
cv-resume/index.html,81,html,00000000,Not Committed Yet,2025-02-14,18:58:53,-08:00,2025-02-14T18:58:53-08:00,0,13
cv-resume/index.html,82,html,00000000,Not Committed Yet,2025-02-14,18:58:53,-08:00,2025-02-14T18:58:53-08:00,0,3
cv-resume/index.html,83,html,00000000,Not Committed Yet,2025-02-14,18:58:53,-08:00,2025-02-14T18:58:53-08:00,0,3
cv-resume/index.html,84,html,00000000,Not Committed Yet,2025-02-14,18:58:53,-08:00,2025-02-14T18:58:53-08:00,0,3
cv-resume/index.html,85,html,00000000,Not Committed Yet,2025-02-14,18:58:53,-08:00,2025-02-14T18:58:53-08:00,0,68
cv-resume/index.html,86,html,00000000,Not Committed Yet,2025-02-14,18:58:53,-08:00,2025-02-14T18:58:53-08:00,0,68
cv-resume/index.html,87,html,00000000,Not Committed Yet,2025-02-14,18:58:53,-08:00,2025-02-14T18:58:53-08:00,0,36
cv-resume/index.html,88,html,00000000,Not Committed Yet,2025-02-14,18:58:53,-08:00,2025-02-14T18:58:53-08:00,0,4
cv-resume/index.html,89,html,00000000,Not Committed Yet,2025-02-14,18:58:53,-08:00,2025-02-14T18:58:53-08:00,0,3
cv-resume/index.html,90,html,00000000,Not Committed Yet,2025-02-14,18:58:53,-08:00,2025-02-14T18:58:53-08:00,0,62
cv-resume/index.html,91,html,00000000,Not Committed Yet,2025-02-14,18:58:53,-08:00,2025-02-14T18:58:53-08:00,0,64
cv-resume/index.html,92,html,00000000,Not Committed Yet,2025-02-14,18:58:53,-08:00,2025-02-14T18:58:53-08:00,0,68
cv-resume/index.html,93,html,00000000,Not Committed Yet,2025-02-14,18:58:53,-08:00,2025-02-14T18:58:53-08:00,0,3
cv-resume/index.html,94,html,00000000,Not Committed Yet,2025-02-14,18:58:53,-08:00,2025-02-14T18:58:53-08:00,0,4
cv-resume/index.html,95,html,00000000,Not Committed Yet,2025-02-14,18:58:53,-08:00,2025-02-14T18:58:53-08:00,0,3
cv-resume/index.html,96,html,00000000,Not Committed Yet,2025-02-14,18:58:53,-08:00,2025-02-14T18:58:53-08:00,0,63
cv-resume/index.html,97,html,00000000,Not Committed Yet,2025-02-14,18:58:53,-08:00,2025-02-14T18:58:53-08:00,0,65
cv-resume/index.html,98,html,00000000,Not Committed Yet,2025-02-14,18:58:53,-08:00,2025-02-14T18:58:53-08:00,0,63
cv-resume/index.html,99,html,00000000,Not Committed Yet,2025-02-14,18:58:53,-08:00,2025-02-14T18:58:53-08:00,0,6
cv-resume/index.html,100,html,00000000,Not Committed Yet,2025-02-14,18:58:53,-08:00,2025-02-14T18:58:53-08:00,0,4
cv-resume/index.html,101,html,00000000,Not Committed Yet,2025-02-14,18:58:53,-08:00,2025-02-14T18:58:53-08:00,0,4
cv-resume/index.html,102,html,00000000,Not Committed Yet,2025-02-14,18:58:53,-08:00,2025-02-14T18:58:53-08:00,0,66
cv-resume/index.html,103,html,00000000,Not Committed Yet,2025-02-14,18:58:53,-08:00,2025-02-14T18:58:53-08:00,0,3
cv-resume/index.html,104,html,00000000,Not Committed Yet,2025-02-14,18:58:53,-08:00,2025-02-14T18:58:53-08:00,0,3
cv-resume/index.html,105,html,00000000,Not Committed Yet,2025-02-14,18:58:53,-08:00,2025-02-14T18:58:53-08:00,0,62
cv-resume/index.html,106,html,00000000,Not Committed Yet,2025-02-14,18:58:53,-08:00,2025-02-14T18:58:53-08:00,0,67
cv-resume/index.html,107,html,00000000,Not Committed Yet,2025-02-14,18:58:53,-08:00,2025-02-14T18:58:53-08:00,0,69
cv-resume/index.html,108,html,00000000,Not Committed Yet,2025-02-14,18:58:53,-08:00,2025-02-14T18:58:53-08:00,0,32
cv-resume/index.html,109,html,00000000,Not Committed Yet,2025-02-14,18:58:53,-08:00,2025-02-14T18:58:53-08:00,0,4
cv-resume/index.html,110,html,00000000,Not Committed Yet,2025-02-14,18:58:53,-08:00,2025-02-14T18:58:53-08:00,0,3
cv-resume/index.html,111,html,00000000,Not Committed Yet,2025-02-14,18:58:53,-08:00,2025-02-14T18:58:53-08:00,0,66
cv-resume/index.html,112,html,00000000,Not Committed Yet,2025-02-14,18:58:53,-08:00,2025-02-14T18:58:53-08:00,0,66
cv-resume/index.html,113,html,00000000,Not Committed Yet,2025-02-14,18:58:53,-08:00,2025-02-14T18:58:53-08:00,0,34
cv-resume/index.html,114,html,00000000,Not Committed Yet,2025-02-14,18:58:53,-08:00,2025-02-14T18:58:53-08:00,0,4
cv-resume/index.html,115,html,00000000,Not Committed Yet,2025-02-14,18:58:53,-08:00,2025-02-14T18:58:53-08:00,0,3
cv-resume/index.html,116,html,00000000,Not Committed Yet,2025-02-14,18:58:53,-08:00,2025-02-14T18:58:53-08:00,0,66
cv-resume/index.html,117,html,00000000,Not Committed Yet,2025-02-14,18:58:53,-08:00,2025-02-14T18:58:53-08:00,0,68
cv-resume/index.html,118,html,00000000,Not Committed Yet,2025-02-14,18:58:53,-08:00,2025-02-14T18:58:53-08:00,0,32
cv-resume/index.html,119,html,00000000,Not Committed Yet,2025-02-14,18:58:53,-08:00,2025-02-14T18:58:53-08:00,0,4
cv-resume/index.html,120,html,00000000,Not Committed Yet,2025-02-14,18:58:53,-08:00,2025-02-14T18:58:53-08:00,0,4
cv-resume/index.html,121,html,c9e8894d,Katelyn Zhao,2025-01-10,17:11:41,-08:00,2025-01-10T17:11:41-08:00,0,9
cv-resume/index.html,122,html,c9e8894d,Katelyn Zhao,2025-01-10,17:11:41,-08:00,2025-01-10T17:11:41-08:00,0,0
cv-resume/index.html,123,html,c9e8894d,Katelyn Zhao,2025-01-10,17:11:41,-08:00,2025-01-10T17:11:41-08:00,0,8
cv-resume/index.html,124,html,00000000,Not Committed Yet,2025-02-14,18:58:53,-08:00,2025-02-14T18:58:53-08:00,0,7
cv-resume/index.html,125,html,00000000,Not Committed Yet,2025-02-14,18:58:53,-08:00,2025-02-14T18:58:53-08:00,0,18
cv-resume/index.html,126,html,00000000,Not Committed Yet,2025-02-14,18:58:53,-08:00,2025-02-14T18:58:53-08:00,0,8
cv-resume/index.html,127,html,00000000,Not Committed Yet,2025-02-14,18:58:53,-08:00,2025-02-14T18:58:53-08:00,0,48
cv-resume/index.html,128,html,00000000,Not Committed Yet,2025-02-14,18:58:53,-08:00,2025-02-14T18:58:53-08:00,0,43
cv-resume/index.html,129,html,00000000,Not Committed Yet,2025-02-14,18:58:53,-08:00,2025-02-14T18:58:53-08:00,0,3
cv-resume/index.html,130,html,00000000,Not Committed Yet,2025-02-14,18:58:53,-08:00,2025-02-14T18:58:53-08:00,0,3
cv-resume/index.html,131,html,00000000,Not Committed Yet,2025-02-14,18:58:53,-08:00,2025-02-14T18:58:53-08:00,0,68
cv-resume/index.html,132,html,00000000,Not Committed Yet,2025-02-14,18:58:53,-08:00,2025-02-14T18:58:53-08:00,0,10
cv-resume/index.html,133,html,00000000,Not Committed Yet,2025-02-14,18:58:53,-08:00,2025-02-14T18:58:53-08:00,0,4
cv-resume/index.html,134,html,00000000,Not Committed Yet,2025-02-14,18:58:53,-08:00,2025-02-14T18:58:53-08:00,0,3
cv-resume/index.html,135,html,00000000,Not Committed Yet,2025-02-14,18:58:53,-08:00,2025-02-14T18:58:53-08:00,0,67
cv-resume/index.html,136,html,00000000,Not Committed Yet,2025-02-14,18:58:53,-08:00,2025-02-14T18:58:53-08:00,0,51
cv-resume/index.html,137,html,00000000,Not Committed Yet,2025-02-14,18:58:53,-08:00,2025-02-14T18:58:53-08:00,0,4
cv-resume/index.html,138,html,00000000,Not Committed Yet,2025-02-14,18:58:53,-08:00,2025-02-14T18:58:53-08:00,0,4
cv-resume/index.html,139,html,c9e8894d,Katelyn Zhao,2025-01-10,17:11:41,-08:00,2025-01-10T17:11:41-08:00,0,9
cv-resume/index.html,140,html,c9e8894d,Katelyn Zhao,2025-01-10,17:11:41,-08:00,2025-01-10T17:11:41-08:00,0,0
cv-resume/index.html,141,html,c9e8894d,Katelyn Zhao,2025-01-10,17:11:41,-08:00,2025-01-10T17:11:41-08:00,0,8
cv-resume/index.html,142,html,00000000,Not Committed Yet,2025-02-14,18:58:53,-08:00,2025-02-14T18:58:53-08:00,0,7
cv-resume/index.html,143,html,00000000,Not Committed Yet,2025-02-14,18:58:53,-08:00,2025-02-14T18:58:53-08:00,0,14
cv-resume/index.html,144,html,00000000,Not Committed Yet,2025-02-14,18:58:53,-08:00,2025-02-14T18:58:53-08:00,0,8
cv-resume/index.html,145,html,00000000,Not Committed Yet,2025-02-14,18:58:53,-08:00,2025-02-14T18:58:53-08:00,0,3
cv-resume/index.html,146,html,00000000,Not Committed Yet,2025-02-14,18:58:53,-08:00,2025-02-14T18:58:53-08:00,0,3
cv-resume/index.html,147,html,00000000,Not Committed Yet,2025-02-14,18:58:53,-08:00,2025-02-14T18:58:53-08:00,0,64
cv-resume/index.html,148,html,00000000,Not Committed Yet,2025-02-14,18:58:53,-08:00,2025-02-14T18:58:53-08:00,0,69
cv-resume/index.html,149,html,00000000,Not Committed Yet,2025-02-14,18:58:53,-08:00,2025-02-14T18:58:53-08:00,0,16
cv-resume/index.html,150,html,00000000,Not Committed Yet,2025-02-14,18:58:53,-08:00,2025-02-14T18:58:53-08:00,0,4
cv-resume/index.html,151,html,00000000,Not Committed Yet,2025-02-14,18:58:53,-08:00,2025-02-14T18:58:53-08:00,0,4
cv-resume/index.html,152,html,c9e8894d,Katelyn Zhao,2025-01-10,17:11:41,-08:00,2025-01-10T17:11:41-08:00,0,9
cv-resume/index.html,153,html,c9e8894d,Katelyn Zhao,2025-01-10,17:11:41,-08:00,2025-01-10T17:11:41-08:00,0,0
cv-resume/index.html,154,html,c9e8894d,Katelyn Zhao,2025-01-10,17:11:41,-08:00,2025-01-10T17:11:41-08:00,0,8
cv-resume/index.html,155,html,00000000,Not Committed Yet,2025-02-14,18:58:53,-08:00,2025-02-14T18:58:53-08:00,0,7
cv-resume/index.html,156,html,00000000,Not Committed Yet,2025-02-14,18:58:53,-08:00,2025-02-14T18:58:53-08:00,0,14
cv-resume/index.html,157,html,00000000,Not Committed Yet,2025-02-14,18:58:53,-08:00,2025-02-14T18:58:53-08:00,0,8
cv-resume/index.html,158,html,00000000,Not Committed Yet,2025-02-14,18:58:53,-08:00,2025-02-14T18:58:53-08:00,0,3
cv-resume/index.html,159,html,00000000,Not Committed Yet,2025-02-14,18:58:53,-08:00,2025-02-14T18:58:53-08:00,0,3
cv-resume/index.html,160,html,00000000,Not Committed Yet,2025-02-14,18:58:53,-08:00,2025-02-14T18:58:53-08:00,0,65
cv-resume/index.html,161,html,00000000,Not Committed Yet,2025-02-14,18:58:53,-08:00,2025-02-14T18:58:53-08:00,0,4
cv-resume/index.html,162,html,00000000,Not Committed Yet,2025-02-14,18:58:53,-08:00,2025-02-14T18:58:53-08:00,0,62
cv-resume/index.html,163,html,00000000,Not Committed Yet,2025-02-14,18:58:53,-08:00,2025-02-14T18:58:53-08:00,0,4
cv-resume/index.html,164,html,c9e8894d,Katelyn Zhao,2025-01-10,17:11:41,-08:00,2025-01-10T17:11:41-08:00,0,9
cv-resume/index.html,165,html,00000000,Not Committed Yet,2025-02-14,18:58:53,-08:00,2025-02-14T18:58:53-08:00,0,6
cv-resume/index.html,166,html,00000000,Not Committed Yet,2025-02-14,18:58:53,-08:00,2025-02-14T18:58:53-08:00,0,6
contact/index.html,1,html,00000000,Not Committed Yet,2025-02-14,18:58:53,-08:00,2025-02-14T18:58:53-08:00,0,14
contact/index.html,2,html,62bd2fd5,Katelyn Zhao,2025-01-31,11:01:51,-08:00,2025-01-31T11:01:51-08:00,0,15
contact/index.html,3,html,00000000,Not Committed Yet,2025-02-14,18:58:53,-08:00,2025-02-14T18:58:53-08:00,0,5
contact/index.html,4,html,00000000,Not Committed Yet,2025-02-14,18:58:53,-08:00,2025-02-14T18:58:53-08:00,0,23
contact/index.html,5,html,00000000,Not Committed Yet,2025-02-14,18:58:53,-08:00,2025-02-14T18:58:53-08:00,0,71
contact/index.html,6,html,ac4daefe,Katelyn Zhao,2025-01-09,11:53:38,-08:00,2025-01-09T11:53:38-08:00,0,21
contact/index.html,7,html,00000000,Not Committed Yet,2025-02-14,18:58:53,-08:00,2025-02-14T18:58:53-08:00,0,44
contact/index.html,8,html,62bd2fd5,Katelyn Zhao,2025-01-31,11:01:51,-08:00,2025-01-31T11:01:51-08:00,0,49
contact/index.html,9,html,00000000,Not Committed Yet,2025-02-14,18:58:53,-08:00,2025-02-14T18:58:53-08:00,0,6
contact/index.html,10,html,00000000,Not Committed Yet,2025-02-14,18:58:53,-08:00,2025-02-14T18:58:53-08:00,0,5
contact/index.html,11,html,ca954d4c,Katelyn Zhao,2025-01-09,12:09:38,-08:00,2025-01-09T12:09:38-08:00,0,27
contact/index.html,12,html,62bd2fd5,Katelyn Zhao,2025-01-31,11:01:51,-08:00,2025-01-31T11:01:51-08:00,0,72
contact/index.html,13,html,00000000,Not Committed Yet,2025-02-14,18:58:53,-08:00,2025-02-14T18:58:53-08:00,0,32
contact/index.html,14,html,00000000,Not Committed Yet,2025-02-14,18:58:53,-08:00,2025-02-14T18:58:53-08:00,0,34
contact/index.html,15,html,00000000,Not Committed Yet,2025-02-14,18:58:53,-08:00,2025-02-14T18:58:53-08:00,0,36
contact/index.html,16,html,00000000,Not Committed Yet,2025-02-14,18:58:53,-08:00,2025-02-14T18:58:53-08:00,0,23
contact/index.html,17,html,00000000,Not Committed Yet,2025-02-14,18:58:53,-08:00,2025-02-14T18:58:53-08:00,0,33
contact/index.html,18,html,00000000,Not Committed Yet,2025-02-14,18:58:53,-08:00,2025-02-14T18:58:53-08:00,0,32
contact/index.html,19,html,00000000,Not Committed Yet,2025-02-14,18:58:53,-08:00,2025-02-14T18:58:53-08:00,0,22
contact/index.html,20,html,94e1491a,Katelyn Zhao,2025-01-09,12:38:06,-08:00,2025-01-09T12:38:06-08:00,0,6
contact/index.html,21,html,00000000,Not Committed Yet,2025-02-14,18:58:53,-08:00,2025-02-14T18:58:53-08:00,0,6
contact/index.html,22,html,00000000,Not Committed Yet,2025-02-14,18:58:53,-08:00,2025-02-14T18:58:53-08:00,0,6
